token,count
penat,153
azmin,7
tahnya,1
malaysia,60
menuju,1
kehancuran,1
menteri,77
cetek,2
akal,7
hanya,18
mementingkan,1
duit,25
kuasa,31
need,26
change,5
better,20
one,11
generasi,6
hadapan,4
tunggu,7
vaksin,16
februari,1
sehingga,2
kini,1
masih,35
double,56
standard,54
terlampau,5
jelas,4
dinafikan,1
orang,44
atasan,4
mewah,1
seronok,2
sedangkan,5
rakyatnya,2
merana,10
cameron,1
highland,1
comel,1
sistem,6
kesihatan,4
bakal,2
runtuh,1
enough,16
old,5
people,38
corruption,5
kegagalan,2
kerajaan,134
mengawal,2
pendemik,1
unfunctional,1
government,43
freedom,1
liberty,2
biol2,1
cuba,3
manipulate,2
facts,1
padahal,4
rakyat,200
tau,13
kite,1
perlukan,9
parliment,1
sebagai,8
negara,50
demokrasi,8
mereka,38
amanah,4
tired,17
politik,27
pernah,5
mature,2
jalan,5
keluar,9
daripada,4
pandemik,11
samar,1
jumlah,1
swab,1
test,2
kurang,3
lama,13
capai,2
target,1
sampai,46
bila,24
pkp,36
terpaksa,6
catu,2
makanan,5
sbab,1
xnk,1
berada,2
bwh,1
pemerintahan,2
bodoh2,1
skrg,19
babi,9
tengah,2
susah,22
dia,23
pulak,16
pesta,5
makan,20
durian,9
pergi,7
bercuti,2
dekat,8
paris,1
lahhh,1
haa,1
baru,12
recent,2
guna,18
nie,3
gagal,18
cirit,7
mandulkan,1
bacul,1
belum,5
keabsahan,1
mandat,1
tuntutan,1
perdana,1
sekarang,30
handsome,1
peduli,4
politiking,1
sudah2,2
bullshit,3
fed,1
love,1
seeing,4
country,26
really,5
disappoints,1
many,14
menter,2
hilang,23
arah,2
mabuk,1
keputusan,8
ngarut,1
benda,13
simple,5
handle,6
sendiri,30
plan,9
implement,1
evaluate,1
bangga,1
puji,1
merepek,1
patut,3
dipegang,3
golongan,6
mampu,9
bertanggungjawab,5
teruk,11
teramat,1
difikirkan,1
diputar,1
belitkan,1
demi,10
nama,3
pentingkan,6
diri,23
penting,6
selesa,2
takut,5
jatuh,4
sebabtu,1
asyik,4
berbelit,1
suara,12
tahu,12
malu,5
kawan,12
ahli,21
keluarga,6
terkesan,4
disebabkan,3
covid,50
mungkin,3
vaccine,7
sudah,17
diberi,4
lebih,22
awal,2
masalah,8
kewangan,1
kritikal,1
berlaku,3
lemah,5
nyawa,8
fcked,2
‍♀️,2
bro,5
rasa,21
divalue,1
human,1
cares,3
good,4
results,1
they’,2
right,7
vanished,2
incompetence,10
everyone,3
aged,1
parliament,4
gotta,1
lmao,1
bagaikan,2
hidup,26
dibuai,1
angin,1
jadikan,2
aman,1
harmoni,1
kenapa,10
duduk,14
rumah,22
mental,18
exhausted,5
keadaan,7
takboleh,2
fikir,7
secara,4
betul,11
sikap,4
masing,3
sombong,7
lepas,6
tekak,2
ramai,19
menderita,4
sayang,3
malaysia❤,1
reason,4
tindakan,11
baik,18
bendung,2
penularan,2
dalam,25
masa,33
sama,11
tingkatkan,2
kemajuan,1
ekonomi,9
bukannya,2
sekejap,2
lockdown,24
pkpd,14
nya,3
tulung,1
maka,2
apa2,3
dapat,27
seperti,10
ingin,2
jual,4
kerata,1
bayar,12
puspakom,1
jpj,1
tutup,14
jugak,2
bule,1
call2,1
bank,6
lalui,1
kehidupan,6
kais,2
pagi,4
petang,2
lost,7
income,5
struggle,3
live,1
btw,3
anyone,1
want,26
support,4
business,8
whatsapp,1
kerabu,1
ayam,2
ikot,1
bangang,6
diatasi,1
ambik,6
langkah,3
ambil,6
berpuluh,2
mati,15
punca,10
pendapatan,7
pendidikan,6
terganggu,1
rmai2,1
cadangan,1
pon,11
pengemudi,1
kelihatan,1
sesat,1
jumpa,7
darat,1
mahu,8
tuju,3
menyeluruh,1
mahukan,3
proactive,1
reactive,1
cukup,8
lah,15
ketidaktentuan,1
politics,2
sides,1
would,2
able,1
choose,3
leadership,5
next,3
election,3
member,1
parliaments,1
puts,1
ppl,3
needs,2
first,4
quit,1
blaming,2
comparing,1
remind,1
democratic,2
rights,4
voices,1
heard,1
kecewa,3
berkuasa,3
sekadar,2
memonopoli,1
didedahkan,1
muda,20
memerintah,10
peluang,5
diminta,1
buah,1
fikiran,1
disuara,1
sepatutnya,6
menelaah,1
tiba,4
buta,10
diselamatkan,1
memang,8
terselamat,1
gross,1
kaki,3
belit,1
menipu,1
tua,22
bodoh,35
patuh,2
sop,32
sungguh2,1
depa,7
duk,4
kesana,2
sini,6
fun2,1
pastu,9
kes,40
turun2,3
pemuda,1
tertekan,4
anak,17
mempunyai,1
strugle,1
staff,2
sewa,4
keliru,1
kenyataan,1
dikeluarkan,1
hari,15
berlalu,1
negeri,4
sabah,18
dikemaskini,1
umum,1
sebelum,1
perkembangan,1
terbaharu,1
bayangkan,3
seorang,4
mall,1
hubungi,1
bertanya,1
“kita,1
hour,1
pukul,1
10pm,1
7pm,1
”,2
incompetent,12
governance,4
kana,1
pisit,1
biji,1
sesetengah,3
pihak,9
senang,9
masuk,15
students,6
odl,7
akses,1
internet,4
phone,4
banyak,30
berdiri,3
melawan,4
ditindas,6
depan,11
nampak,10
mampukah,1
kembali,1
dulu,15
terang2,1
penipuan,1
rasuah,7
naik,19
pangkat,6
langgar,7
berkorban,1
separuh,3
industri,6
ditutup,2
kilang,12
buka,12
lembab,1
“bantuan”,1
tabung,1
bersara,1
saman,2
merata,1
pada,6
memberi,3
bantuan,14
menerima,1
terlalu,21
dipijak,2
lali,1
tolong,6
pls,2
new,7
hadap,12
politician,5
selfish,8
kroni,4
kabel,1
pemikiran,2
lapuk,1
menyampah,3
seniority,1
ubah,2
kesian,9
akan,15
datang,6
begini,2
sanggup,9
marhaen,4
competent,4
collateral,1
damage,1
sakit,5
hati,14
salah,7
gaji,26
sibuk,4
kayakan,2
keturunan,4
pegang,3
sikit²,1
perangai,4
sempudal,1
nasib,7
terus,12
itu,8
terima,4
kasih,2
edge,1
giving,4
help,6
batil,1
lawan,50
alquran,1
turun,13
membawa,2
kebenaran,2
itulah,2
nabi,1
rasul,1
sampaikan,1
kat,18
frontliners,6
berniaga,3
recover,1
baca,4
maki,1
curah,1
air,4
daun,1
keladi,1
langsung,12
xde,13
perubahan,4
makin,24
bebal,2
menyakitkan,1
enforcement,1
people’,1
health,11
utmost,1
focus,2
care,7
terms,1
financial,3
education,4
food,1
gov,10
works,1
mere,1
symbol,1
cause,1
current,4
aren’,2
can’,3
expect,2
come,4
plans,1
pembangkang,12
ikat,2
perut,6
kerja,46
bil,2
atas,9
meja,1
doktor,2
misi,1
peluh,1
menitis,1
utk,18
diisi,1
tuli,2
perlu,10
kan,16
pemimpin,30
direction,2
heading,2
bad,3
nation,2
tenat,5
vvip,1
kisah,5
pasal,3
get,9
ride,1
rethink,1
approach,1
govt,9
put,1
tersangat,1
syed,3
takda,7
rakyat2,1
terseksa,2
tentu,1
perniagaan,1
tetap,5
kes2,2
sangat,19
tinggi,10
orang2,3
mendengar,3
luahan,1
bising,2
tahan,5
clear,2
brainless,2
holding,1
post,1
cant,1
see,12
hope,6
continue,3
ruling,1
cucu,4
menikmati,1
min,1
rm1,2
hutan,1
ditarah,1
tinggal,1
tahun,16
dtg,1
berhak,3
jungle,1
tracking,1
dpt,17
tanpa,6
cable,3
merasuah,1
sikda,1
hasil,8
terbuang,1
dirumah,1
sahaja,2
light,1
end,3
tunnel,1
buat2,1
dipolitikkan,2
clean,1
administration,2
run,2
stability,2
also,4
fight,12
youths,1
jadi,28
kontrak,2
kkm,2
dilayan,2
lain,15
mana,14
’,6
equal,1
races,1
gelap,2
nampaknya,1
habis,10
nanti,7
pru,8
pula,6
balik,10
variant,1
delta,1
letih,9
meniaga,2
alang2,1
beli,9
sebaya,1
dose,1
penatt,1
stress,8
gajii,1
potong,2
puluh2,1
ribu,2
goyang,1
adil,6
situ,1
hari2,1
tgk,5
menteri2,12
berlagak,2
lupe,2
lupa,6
tanggungjawab,5
universiti,3
belajar,13
online,17
sem,2
destini,1
bangsa…ehh,1
tagline,1
kereta,3
elektrik,1
tertunggak,1
bekerja,4
harapan,2
semakin,12
tipis,1
keangkuhan,2
sifat,3
termasuk,1
penyalahgunaan,1
wang,3
mengkayakan,1
depa…,1
profesional,1
integriti,1
zalim,3
prihatin,1
ikhlas,1
paling,10
sekali,2
biasness,1
mco,3
cmco,1
limit,2
pitiful,1
distribution,1
shameful,2
insensitive,2
remarks,1
overall,1
incompetency,4
govern,2
berpijak,1
bumi,1
nyata,1
ali,2
ikut,6
orang²,2
tuan,5
pkpb,1
already,3
fully,2
follow,3
imposed,1
ministers,4
following,1
sops,3
purpose,1
staying,3
home,8
half,1
year,8
studies,2
even,13
discount,1
uni,3
start,5
governing,1
instead,2
shaking,1
legs,1
nothing,11
enjoying,1
life,9
account,1
suffering,13
understand,4
livelihood,3
affected,4
due,4
changes,2
move,3
forward,3
lantik,1
zul,1
bagus,4
bnda,1
bidang,2
kpm,1
dsb,1
puas,1
knp,1
jemin,2
dlu,1
oku,2
smpai,4
ank,2
warga,2
emas,1
frontliner,6
stop,1
unnecessary,2
censorship,1
body,2
pudar,2
didengari,2
kehilangan,4
dipandang,3
enteng,2
boomers,2
stupid,5
minister,1
tadbir,5
since,7
touch,1
plus,3
graduan,1
sikit,2
jaminan,1
graduate,2
last,5
malaysian,10
youth,1
fail,2
time,20
leave,3
noktah,2
segala,4
sudut,1
keseluruhan,1
bagi,15
mudarat,1
kepada,11
jika,7
kekal,1
xlarat,1
super,1
ring,1
supaya,3
banggang,1
didnt,1
elect,1
leader,3
dont,5
make,10
rakyats,3
lives,11
miserable,1
slow,5
uncoordinated,1
narcissistic,1
accountability,3
blames,1
others,1
suffer,4
grossly,1
mishandled,1
pandemic,14
summarise,1
thread,2
makpak,1
punya,4
tuisyen,1
satu,12
rambut,1
rimassssss,1
cekap,4
tegas,1
laa,3
jawatan,9
atok2,1
gila,14
xtakut,1
agaknya,3
balasan,1
selama,3
kononnya,2
membantu,4
walhal,4
sebaliknya,1
kemiskinan,1
berleluasa,1
mata,6
pencarian,1
bunuh,8
berfikir,1
disaat,1
rasanya,2
menang,4
lelah,2
student,11
tertindas,1
yuran,7
pengajian,1
penuh,5
class,3
parents,1
dibuang,2
sia,6
diploma,2
degree,8
memory,1
badan,2
action,1
situasi,2
literally,3
berkurung,4
produktif,1
semangat,3
future,9
yet,4
angry,1
ignore,1
could,4
stay,4
power,13
powerless,1
entahlah,1
kerusi,3
hipokrit,3
tambah,4
kibar,1
bendera,7
putih,5
nauzubillah,1
sokmo,1
pemerintah,7
kte,4
biasa,2
dorg,4
mangsa,2
alahai,1
kdg2,1
btul2,1
gantung,1
tlong,1
kwn2,1
xdpt,1
skg,1
sedih,5
xnak,2
teruskan,5
hdup,1
dahh,1
wehh,1
craving,1
nii,1
dlm,10
perott,1
kabinet,5
wakil,4
pelajar,5
sekolah,6
menengah,1
common,1
sense,4
cuma,6
korupsi,2
sana,5
dikurung,1
haiwan,2
peliharaan,1
maukan,1
merdeka,4
janganlah,1
biarkan,2
dijajah,1
oleh,21
uncertain,1
credibility,1
uphold,1
leaders,12
shame,1
performing,1
injustices,1
towards,3
know,5
reached,1
limits,1
meleset,1
“point,1
return”,1
cicit,1
negara2,2
jiran,1
dirosakkan,1
korup,3
70an,1
80an,1
‘hero’,1
disia,1
siakan,1
begitu,3
mudah,2
menyalahkan,1
ulang,3
menjadi,5
barisan,3
contoh,1
kepimpinan,4
tauladan,1
melanggar,2
peraturan,1
dilepaskan,1
hukuman,2
setimpal,2
kesengsaraan,2
perli,1
agamawan,2
dok,3
sokong,5
dorang,7
propa,1
acah2,1
mak,6
enon,1
sehinggalah,1
berumur,1
terjejas,5
akibat,5
atasan…kebebasan,1
bersuara,4
initiatives,1
dianggap,1
simbol,1
menjatuhkan,1
semangnya,1
memerlukan,2
pertolongan,2
lps,2
tsmy,1
ajak,2
ramai2,1
kecam,3
majoriti,3
muhyiddin,2
putus,3
asa,3
turn,4
berhutang,1
100,2
pendptan,1
org2,2
function,7
sebenarnya,3
lgi,1
partime,1
bapa,1
hantar,3
lepastu,5
polis,3
ckp,3
sorg,1
dibenarkan,2
pundek,1
betulla,1
berhenti,1
lesen,1
leastu,1
faham,3
logik,3
polisi,2
terhadap,6
lihat,2
ditadbir,1
dilapisi,1
minda,1
anjakan,1
paradigma,1
total,6
bosan,2
cara,8
menggunakan,4
taktik,1
divide,1
conquer,1
urusan,1
mohon,4
permit,1
pas,4
lulus,1
alasan,4
inform,1
kelonggaran,1
consider,1
beri,2
kelulusan,1
harini,3
update,1
mkn,5
kaya,4
diugut,2
dipaksa,1
hak,2
dilunaskan,1
pandai,5
dibuat,3
main,8
otak,14
anda,4
bersangka,1
baiklah,1
buang,4
diperintah,3
sekumpulan,2
budak,6
tadika,3
bangsa,2
meneruskan,2
starter,1
adalan,1
prn,7
2020,3
waktu,4
harian,1
angka,2
selepas,1
pilihan,1
raya,1
mendadak,1
taktau,1
lambat,5
kucar,1
kacir,1
shown,2
true,2
colours,1
years,5
favoritism,1
cronyism,2
standards,5
huge,1
gap,1
among,1
racial,1
bias,1
still,12
thing,6
revamp,1
system,8
undang2,6
berkhidmat,1
pengecut,1
geng2,2
bangka,1
masing2,3
membuncitkan,1
sedia,1
buncit,1
trying,1
keep,6
money,4
rolling,1
crying,1
sleep,1
elok,2
honestly,1
bangun,3
berita,3
tentang,2
rutin,1
berterusan,2
parlimen,13
kebajikan,4
dijaga,1
kompaun,2
sesuka,2
effective,1
melancong,2
luar,6
useless,1
ade,4
plak,2
bela,2
tauke2,1
keuntungan,2
sesak,1
kanak2,1
kabir,1
pdpr,4
keberkesanannya,1
penyedap,1
telinga,2
economy,3
democracy,2
weird,1
gain,1
sad,2
happening,2
haram,5
nih,1
budu,2
diorang,8
potongan,1
walaupun,5
kadangkala,1
pensyarah,1
tugasan,1
kampus,2
tersebut,1
dimanfaatkan,1
perkara,4
mustahak,1
pembelian,1
peranti,1
pelan,2
cinta,2
comment,1
luah,1
cemana,1
kahkahkah,1
dasar,1
pintu,6
belakang,7
berhati,1
proud,1
dosa,1
terbesar,2
islam,4
ialah,2
ganjaran,1
siapa,4
betul2,1
niatnya,1
kabur,1
menghadap,2
perlawanan,1
berkesudahan,1
apabila,6
bersalah,2
berkerja,1
keras,2
bantu,4
dihukum,1
pkpbbxjsiwnxbjw,1
sudahnya,1
kesusahan,5
almost,4
months,3
mean,2
“totally,1
full,3
lockdown”,1
result,1
kamu,4
kongsikan,1
enrolled,1
feb,1
scheduled,1
date,1
driving,3
crazy,2
ones,4
seated,1
high,2
places,1
fly,1
enjoy,3
like,10
going,8
plight,1
rise,1
suicide,5
cases,11
muak,4
bout,1
keeping,1
politicians,6
away,4
soal,1
sacrifice,2
everything,10
lampin,1
tahi,1
tukar,5
biar,4
fucked,1
another,2
level,2
thousands,1
died,1
dying,7
abusing,1
law,7
stucked,2
loophole,1
called,4
exit,4
strategy,3
depressed,3
cari,7
uruskan,3
permohonan,1
kad,1
pengenalan,1
dua,9
hal,3
laju,3
suggestion,1
please,2
undi,7
memana,1
hahahaha,1
fair,2
tah,1
pape,1
aritu,1
‍♂️,3
pakcik,1
siap,2
dusun,1
sambil,2
hisap,1
rokok,1
john,1
tgn,1
hello,1
sir,1
final,1
hard,3
college,1
classes,3
find,2
internship,1
got,5
placement,1
travelling,1
public,2
transport,1
share,3
experience,1
sesiapa,2
join,4
hands,1
submit,1
balance,1
dibantu,1
semenanjung,1
sarawak,1
kiv,2
laptop,3
perihatin,2
penutupan,1
sektor,1
antara,6
kayangan,9
kasta,1
bawahan,1
adanya,1
muka,2
letak,4
malah,3
mengaku,2
corrupt,3
nepotism,1
kleptocracy,1
everyday,5
pakai,5
statement,4
pengorbanan,1
memperjudikan,1
kejap,5
sales,1
minta,1
moratorium,1
jawab,4
telefon,1
berlakon,1
delan,1
anak2,3
kompeten,4
pak,3
poket,4
manakala,1
authoriti,1
berpaling,1
memejam,1
menutup,3
membisu,1
laku,1
berpegang,2
teguh,1
prinsip,1
menyelamatkan,1
tercinta,1
dinodai,1
didiri,1
scheme,1
things,1
dijual,2
sokongan,2
berparlimen,1
dilaksanakan,3
dilindungi,1
must,4
applicable,1
mengalami,1
dahsyat,1
empathy,2
pemulihan,2
keutamaan,1
pasti,1
unta,1
saka,1
tempat,2
bincangkan,1
muafakat,1
solusi,1
tepat,2
ketengahkan,1
pengumuman,2
penghujung,1
hate,1
whole,7
fall,2
thu,1
bercakap,2
shj,2
proses,1
bijak,3
tangani,3
wabak,1
bezakan,1
keperluan,2
kehendak,1
sewaktu,1
wajib,2
tampuk,1
manusia,4
masing²,1
neglected,1
ipt,2
school,4
gave,2
burning,1
mentally,5
emotionally,2
every,3
day,8
night,1
countries,3
done,2
arahan,2
sentiasa,3
bertukar,2
lembah,1
klang,1
moga,3
jawapan,2
padang,1
mahsyar,1
sekian,4
agenda,1
kotor,5
kerjaan,1
sngt2,2
melampau,4
yng,2
menyusahkn,1
lame,1
koyak,1
terok,2
macam2,1
rse,1
xsnggup,2
tngok,2
orng2,1
akibatkn,1
dipimpin,2
orng,2
bulan,12
juga,8
jejak,1
salam,1
tangan,1
ayah,4
wfh,1
bermacam,2
kawalan,1
pergerakan,1
keatas,2
believe,1
feels,1
never,4
ending,1
cycle,1
goes,1
pawns,1
numbers,2
deaths,2
snatched,1
vote,1
thieves,1
hoodlums,1
badut,1
jenaka,1
melibatkan,1
punchline,1
jenis,1
taknak,8
hancur,2
terurus,1
berpindah,1
proper,3
save,6
suppose,1
win,2
long,3
ago,2
guess,1
blame,1
darurat,3
mahiaddin,4
control,2
2nd,1
wave,1
pelabur,2
bare,1
minimum,1
fulfilling,1
rakyat’,1
basic,1
acting,1
science,1
logic,1
piss,1
badly,2
harga,2
arti,1
keselamatan,1
sahabat,1
rkyat,1
drpd,3
virus,4
spm,1
meluat,1
back,7
allah,5
alhamdulillah,1
kemudahan,1
cthnya,1
terbatas,1
allahu,1
sediakala,1
kementerian,1
pelajaran,4
bloody,1
stole,1
mandate…,1
sick,3
watching,1
faces,1
forming,1
cabinet,3
decades,1
obsolete,1
something,3
meyakinkan,1
wayang,2
mengharapkan,2
ditangani,1
terbazir,3
umur,2
fresh,2
grad,2
masanya,3
pengalaman,2
tahap,1
sengsara,3
kepentingan,2
politikus,2
posisi,1
akibatnya,1
setahun,8
inisiatif,2
mempertahankan,1
kedudukan,1
taktahu,4
nilai,3
dibuatnya,1
selamatkan,1
tengkuk,1
awak,2
mampos,1
miskin,3
selamanya,1
pikir,2
nape,2
kwsp,2
bntuan,1
zakat,1
etc,1
ngo,1
prog,2
bazir,3
belanja,1
mega,1
sekolah2,1
bleh,2
digunakan,2
felt,2
consumed,1
growing,1
helplessness,1
defeat,1
sucks,1
tinggi2,2
sumbangan,2
berkira,1
ciput,2
tampal,1
gambar,3
kotak,1
takmnjlnkan,1
kuku,2
hitam,3
tamat,1
convo2,1
kawan2,2
inai,1
jam,1
seksa,1
segala2,1
gerak,1
gampang,1
frustrating,3
truly,1
takes,1
pleading,1
begging,1
combat,1
triple,1
habis²,1
bergerak,1
kemain,2
list,3
kne,1
penjara,1
puak,3
bile,5
kertas,1
siasatan,1
kepala,6
bapak,5
kau,14
terbaik,2
atasi,1
terbangang,1
settle2,1
khianat,5
rasulullah,1
saw,1
ajar,2
perjanjian,1
abu,1
jandal,1
berakah,1
bawah,2
penindasan,1
tamak,3
syg,1
diam,3
tanah,4
diratah,1
haloba,1
mencari,3
janda,1
nikah,1
bini,5
kedua,3
ketiga,1
ketika,2
sedang,1
cukup2lah,1
dine,1
strict,1
boleh…,1
mengapa,3
adalah,5
signal,1
parti2,1
bahawa,1
diperlekehkan,1
milik,4
mana2,3
parti,6
dilakukan,1
memimpin,2
idiots,2
punye,1
pendapat,4
dipekakkan,1
didenganya,1
beza,2
bunga,1
taik,3
jgn,3
terkejut,1
pemberontak,1
menindas,5
pulangan,1
struggling,3
umk,1
expensive,1
pay,1
assignment,1
amaun,1
data,3
kadang²,1
gigihkan,1
line,3
point,3
kelayakan,1
sijil,2
budak2,1
pilih,6
fake,2
setiap,4
saja,6
beberapa,2
dimomokkan,1
undang,2
penahanan,1
munasabah,1
pdrm,2
mengambil,2
kira,3
cukuplah,1
complete,1
mess,1
failed,3
citizens,3
times,1
countless,1
chances,1
given,3
seems,1
improving,1
goodness,1
sake,2
wanted,2
asked,1
step,2
waste,1
tax,1
payers,1
urgency,1
suffered,1
dragging,2
buying,1
makes,2
much,5
exhausting,1
deal,2
deals,1
loss,1
loved,2
add,1
words,2
actions,1
helping,2
situation,8
malaysians,5
lead,3
guling,1
apahal,1
hebat,1
sgt,5
dgr,2
tumbang,1
muar,1
kutuk,3
reality,1
check,1
bergaji,3
pakar,1
melarat,1
bring,1
topic,2
ipcmc,1
finally,1
opens,1
anxiety,1
read,1
news,2
look,3
window,1
feel,2
scared,1
safety,1
tampok,1
cakap,5
bglah,1
mencurahkan,1
bakti,1
zaman,4
melalui,1
teladan,1
helpless,2
tlg,1
pijak,1
diff,2
note,1
team,2
may,4
bless,1
msians,1
deserve,6
example,1
inspire,1
sampah,3
attitude,2
memerli,1
elected,1
work,6
obvious,3
tyranny,1
played,1
rule,4
man,1
boils,1
anger,1
berpangkat,1
angkuh,1
serupa,2
bikin,2
cerita,1
kenyangkan,1
taking,4
responsibility,1
admitting,1
faults,1
mistakes,1
relate,1
connect,1
vulnerable,1
together,2
functioning,1
effectively,1
protect,1
improve,1
citizen,1
bullying,1
pockets,1
imagine,2
properly,2
manage,3
moons,1
competence,1
procedure,1
economic,1
condition,2
definitive,1
punco,1
tragedy,1
dek,5
mentadbir,3
mcmni,1
batu,3
senangkan,1
waibee,2
berpenghujung,1
kekalkan,1
performance,1
okay,3
jangan,4
cam,2
penatlahhhh,1
nonsensical,1
lockdowns,3
ruined,3
businesses,1
spiked,1
number,3
suicides,1
destroyed,1
livelihoods,1
took,2
freedoms,1
seek,1
punish,1
fighting,1
place,3
daughters,1
stand,1
sleepless,1
nights,1
burnouts,1
becoming,2
normal,2
tindas,3
media,2
sempurna,1
dipotong,1
komitment,1
dak,2
simpanan,3
hmmm,1
☹️,2
plsss,1
don’,3
lose,2
improvement,3
personal,3
saving,1
pekerja,6
tanggungan,2
diberhentikan,1
idea,5
serius,1
menangani,1
bebankan,1
cacamarba,1
sensitif,2
pekak,3
peka,1
ttg,1
bermain,2
memperbodohkan,2
sape,3
keje,3
hanat,1
utamakan,1
mmg,1
raging,1
that’,3
apparent,1
throughout,1
vaccinated,2
returning,1
office,1
mention,1
great,2
tirelessly,1
path,1
postgraduate,1
programme,1
sesuatu,2
kukuh,1
membuka,1
memgetahui,1
pecah,1
bdk,1
hormat,2
aset,2
berjuta2,1
nye,2
pernindasan,1
malas,2
harta,3
terpkse,1
kluster,5
samaaaa,1
korang,4
rosakkan,1
jaga,6
whatever,1
reasons,6
combined,1
rest,1
equally,1
strong,2
well,1
prepared,2
opposition,2
deceitful,1
para,4
bongkak,2
mengishtharkan,1
perang,1
serta,3
mememtingkan,1
kaptalis,1
semata2,1
menyerah,1
tersayang,1
terkurung,1
sejak,3
method,1
berjaya,1
segi,4
naikkan,1
tarik,1
living,2
cost,1
isi,2
hya,1
xda,3
bertahun,1
bebas,2
reti,3
rugi,2
camtu,1
create,1
memories,1
kesan,1
✊,1
hopeless,2
dead,3
rejim,1
efektif,1
tkde,2
kata,6
caca,1
merba,1
kali,11
psl,2
bincang,2
mendatangkan,1
jangka,3
pendek,1
panjang,3
masalahlah,1
respon,1
kedah,1
instagram,2
rata,2
‘orang,1
tua’,1
unconsciously,1
ini…,1
consciously,1
terdiri,1
kaum,1
melayu,4
cina,1
india,1
suku2,1
sarawak…,1
2019,1
worse,4
khas,1
take,1
conditions,1
maeps,1
failure,1
semblance,1
organisation,1
major,1
quarantine,2
facility,1
reflective,1
larger,1
problem,4
plaguing,1
mengajar,1
sedarkan,1
betapa,1
bangangnya,1
takpa,1
asal,5
soo,1
potential,1
natural,2
resources,1
hardworking,1
workforce,1
extremely,2
safe,3
disasters,1
state,1
heart,1
breaking,2
rising,1
family,4
survive,3
month,2
soon,2
present,1
crisis,4
solution,3
problems,2
ronald,1
reagan,1
former,1
president,1
united,2
states,1
shameless,1
part,2
fikirkan,2
derita,1
salahkan,4
valueless,1
wish,1
lab,1
pembelajaran,1
praktikal,1
menyusahkan,2
akhir,1
agak,2
simulation,1
muat,4
bersabar,1
menunggu,1
tryin,1
ends,1
meet,1
without,4
job,5
lookin,1
building,1
happiness,1
riches,1
top,2
matter,2
sejujurnya,1
emotional,1
sambung,1
nasihat,1
rider,1
ketara,2
takdak,1
sorok2,1
give,4
bodo,7
ingat,2
portray,1
outsiders,1
onar,1
menconteng,1
arang,1
memalukan,2
msia,3
negera,1
berdemokrasi,1
mps,2
gets,1
fine,1
free,2
ipts,1
menteris,1
cannot,3
reconvene,1
fizikal,2
darjat,2
justeru,1
dibodohkan,1
melihat,1
kebodohan,8
huh,1
saat,1
bersusah,1
memikirkan,2
esok,1
seolah,2
olah,2
empati,2
turun²,1
endahkan,2
silap²,1
hari²,1
xdiberi,1
lenang,1
gelak²,1
org²,1
wujud,2
membebankan,1
namun,1
memenuhkan,1
hala,2
tujuan,1
utama,2
isu,5
semasa,3
abah,4
payah,1
berbulan2,1
pinjaman,1
bpr,1
std,1
damn,2
ground,1
recovery,1
justice,3
importantly,1
siang,2
malam,1
cuti,3
kmpg,1
xjumpa,1
maaf,1
pindah,1
ajaklah,1
menjalankan,1
penyelesaian,3
berkesan,1
fasa,1
klu,2
larat,2
kelangsungan,2
tkkn,1
msih,1
berdiam,1
memberikan,1
tuntas,1
dihadapi,1
melakukan,2
berulang,1
tetapi,5
berbeza,1
carca,1
marba,1
keluhan,1
cite,1
sejarah,3
hijack,1
lahhhhhhhhhhhh,1
lama2,1
bermaharajalela,1
berjangkit,1
seterusnya,1
•penyebab,1
•double,1
vip,3
•moratorium,1
interest,3
charge,1
•ramai,1
•,2
pemalas,1
bangsat,3
peruntukan,1
belia,1
kerat,1
kelab,1
pegawai,1
cash,1
simpan,1
peti,1
besi,1
cuci,1
taikun,1
restoran,1
telah,4
mentalnya,1
jiwanya,1
kerjayanya,1
kehidupannya,1
dicakari,1
onak,1
duri,1
tenang,1
bagai,3
lepak,2
minum,1
kopi,1
oppressions,1
lower,1
inefficient,1
decision,3
making,3
all…this,1
isn’,2
kuota,1
budaya,1
decriminalise,1
pembunuhan,1
tahanan,1
pass,1
anti,1
stalking,1
deforestation,1
berpunca,1
kencing,2
atok,5
heran,1
wujudnya,1
politic,1
trash,1
jee,1
caused,1
greed,4
adapt,1
skrng,1
bukanlah,1
dngn,1
segelintir,4
seronok2,1
kesini,1
akhirnya,4
dikenakan,1
ceritanya,1
dll,3
haha,1
except,1
hurts,3
screen,2
pleaseee,1
traumatised,1
clueless,2
bunch,3
wasted,3
…,1
solve,1
hanging,1
otaknye,1
lalu,1
harapkan,1
bisnes,1
kambing,1
perbelanjaan,1
cmni,2
gayanya,1
rasakan,1
pusat,1
kuarantin,1
mostly,4
pkrja,1
kontak,2
rapat,2
person,1
bcs,3
official,1
bcome,1
suicidal,1
❤️,2
bukak,2
disengajakan,1
means,2
yes,2
yapi,1
menambah,1
sepanjang,1
‘’,1
kot,1
normally,1
vacation,1
fuck,3
sial,3
suruh,4
memilih,1
planning,2
transparency,2
legit,1
reasoning,1
keluarkan,1
condescending,1
arguments,1
active,1
bertindak,2
budget,1
allocation,1
wealthy,1
privilege,1
sitting,1
january,1
besarkan,1
telo,1
seronoklah,1
puluh,1
kebulur,1
latihan,1
company,1
freeze,1
kemasukkan,1
apatah,1
amik,3
intern,1
barua,2
syok,1
merosakkan,1
spesis,1
terpaling,1
firaun,2
berapa,1
marahkan,1
berbulan,1
beb,1
pjj,2
sebulan,4
minggu,1
mengandung,1
happy,1
deliver,1
proudly,1
wrong,2
unfair,1
elak,1
kelaparan,2
case,1
kesudahan,1
today,3
certain,1
riding,2
issue,2
though,2
political,4
group,1
waves,1
sufferings,1
dowh,1
pen,2
takleh,1
casher,1
scan,1
cepat2,1
stressed,1
sngat,1
study,3
leh,3
lagi²,2
sis,1
daftar,3
tab,1
b40,4
amat,2
frustration,2
remuk,1
memikirkn,1
doktor2,1
petugas2,1
hospital,2
diperah,1
tnga,1
tnpa,1
blasan,1
mrnderita,1
hrga,1
barangan,1
pembljrn,1
ank2,1
jdi,1
genertion,1
membuahkan,1
puncanya,1
merananya,1
menteri’,2
kids,2
contract,2
turns,1
voice,1
ignored,1
welfare,1
promises,1
fulfilled,1
treating,1
god,1
dihapuskan,1
titles,1
abolished,1
working,3
earn,1
respect,2
fairness,1
irrespective,1
race,1
religion,1
abolish,1
quota,1
hve,1
intention,1
jatuhkan,3
kpala,1
succide,1
anymore,2
tuh,1
young,1
byk,2
bukti,1
mcm2,1
m40,1
mesti,1
kenape,1
tertakluk,1
tkleh,1
tepi,1
popcorn,1
absurd,1
affecting,1
wellbeing,1
feeling,1
effects,1
buck,1
stops,1
reset,1
shit,5
worst,2
arrogant,1
childish,1
defend,2
themself,1
kibarkan,1
politisyen,1
degil,2
cerdik,1
sorry,1
thats,1
fact,2
besaq2,1
pikiaq,1
tknk,1
dgaq,1
bodo2,1
explain,1
nobody,1
terengganu,1
connected,1
mulut,2
gerammmmmm,1
munafiq,1
pukimak,1
ask,1
question,1
‘mengapa,1
let,4
ignorants,1
civilization,1
history,2
wajar,1
776,1
194,1
penduduk,2
maknanya,1
juta,2
pelbagai,1
sel2,1
berhubung,1
harus,2
puluhan,1
dikuasai,1
bbrp,1
renew,1
pokitik,1
real,2
risk,1
collapse,1
similar,1
fates,1
decade,1
empathetic,1
visionary,2
landscape,1
semoga,1
menyelesaikan,1
bentang,1
bajet,1
mahal,2
timbalan,2
term,1
pencen,2
cap,1
meletup,1
antivax,1
tangkap,2
satira,1
serbu,1
permanent,1
position,3
bersidang,3
takkan,1
iktibar,1
kesilapan,2
penambahbaikan,1
administration’,1
lack,2
areas,1
serving,1
cronies,1
gang,1
consistently,1
flout,1
laws,1
punishment,1
wantthe,1
reform,1
dissapointed,1
iressponsible,1
polictians,1
horrible,1
toom,1
pain,1
bear,1
zero,6
dynamic,1
caring,1
maruah,1
sapa,2
repeat,1
lot,1
big,3
happened,1
lets,1
regular,1
best,1
follower,1
☺️,2
tengs,1
struggles,1
learnt,1
face,3
sadly,1
platform,2
space,1
️,1
fishy,1
might,1
playing,1
daily,2
idola,1
max,1
decide,1
sedap,3
kezaliman,4
melampau2,1
compare,1
dulu2,1
started,3
actually,1
lwn,1
banyk,1
refuse,1
led,1
clown,1
keja,1
kering,1
blatantly,1
clearly,1
peoples,1
intimidation,1
menerapkan,1
berat,2
sebelah,1
relevant,1
agresif,1
bilamana,1
terancam,1
nyatakan,1
soalnya,1
penimpin,1
suatu,1
nnt,1
ingatlah,1
mengikut,1
lunas,1
interlek,1
bertenaga,1
sangkut,1
sempat,1
taip,1
physically,1
financially,1
breakdown,1
kiamat,1
tbh,1
learn,1
semester,1
attended,1
motivation,1
second,1
smbg,1
cacamerba,1
cakna,1
selangor,4
sebut,2
ruangan,1
komen,1
lotsa,1
enuf,1
room,1
generations,1
2018,1
screw,1
spoilt,1
wit,1
stupidity,1
selfishness,1
penatttttt,1
inept,1
hypocritical,1
utilities,1
beranak,1
mask,1
sanitised,1
mandi,1
usaha,2
setengah,2
poor,4
mempraktikkan,1
rukun,1
sejurus,1
mengundi,1
terbela,1
pertikai,1
kantoi,1
tipu,2
ge15,1
kao,1
5434,4
documented,1
coffins,1
mothers,1
father,1
children,3
cermat,1
ambang,2
mengganas,1
friends,1
ditimpa,1
bala,1
maha,1
secepat,1
sebab…,1
ship,3
onboarded,1
sinking,1
fast,1
board,1
bright,1
stuju,1
memulihkan,1
tggu,1
meludah,1
memperkecilkan,1
lawak,1
appointment,1
manusia2,1
setelah,1
layanan,2
rosak,2
pusing,4
bang,1
rindu,3
nangis,2
longer,1
pkpkpkpkpkp,1
permintaan,1
pasai,1
settlekan,1
jenayah,1
najib,1
zahid,1
sebabnya,1
setan,1
hang,5
harap,3
kocek,1
negatively,1
indecision,1
higher,1
ups,1
seem,1
think,2
undereact,1
sikitt,1
mula,1
kebebasan,3
poverty,2
faith,1
aligned,1
tercirit,1
jer,1
kerdit,1
sekrng,1
meningkat,4
sembang,2
market,1
always,1
art,1
bersyukur,1
ujian,1
show,1
color,1
lagak,1
lebai,1
bagaimana,1
waktunya,1
kawal,1
terkawal,1
ideabaik,1
menjawab,1
biadap,1
suam2,1
meninggkat,1
tejejas,1
atuk,3
resign,4
kitorang,1
beriya,1
shyt,1
rock,1
camni,1
gembira,1
momen,1
kegembiraan,1
say,1
sekeliling,1
sepenuhnya,1
hutang,2
bertambah,4
pkpkpkpkpkpkpkp,1
xhabis2,1
isteri,2
resah,1
habiskan,1
riwayat,1
tekanan,1
bnyk,2
xramai,1
bla,4
klo,1
xcukup,1
blh,1
kongsi,1
backdoor,2
willing,1
keeps,1
cry,1
reading,1
comments,1
ignorant,1
goverment,1
adakah,1
mindset,1
selalu,1
ingkar,1
kesampaian,1
katil,1
rawat,1
lima,1
pengundi,1
kawasan,1
pause,1
selagi,1
tolak,2
dsai,1
bila²,1
‼️,1
kebanyakkan,1
semula,2
sesama,1
keruhkan,1
waiting,1
boring,2
patutnya,2
padamkan,1
tekan,1
berjuang,1
gitu,1
matlamat,1
pekerjaan,3
unpaid,1
bake,1
dessert,1
area,1
damansara,1
barryscookiesndesserts,1
policy,2
makers,1
mabok,1
celik,1
mishandling,1
obsess,1
mass,1
rapid,1
contact,1
tracing,1
using,1
positivity,1
rate,1
recommendation,1
warp,1
speed,1
vaccination,2
delay,1
vax,1
purchase,1
listening,1
experts,1
dipermainkan,1
nation…,1
compassionate,1
tun,3
mahathir,1
terer,1
pening,1
rindukan,1
adik,1
beradik,1
saudara,2
coz,1
won’,1
destroy,1
kalah,3
tolonglah,1
sumpah,1
covid19,3
dengar,2
berpengalaman,1
kuasajawatan,1
paksa,1
⚫⚫⚫,1
hunger,1
cover,1
chaos,1
beroperasi,3
barber,1
shop,1
hampir,3
lumpuh,2
durianlah,1
sambut,1
mengarut,3
integrity,2
tanggung,2
penguatkuaasan,1
telus,1
tulis,1
everywhere,1
rage,1
heroes,1
positive,1
sadiq,1
educated,1
anyway,1
musnahkan,1
berani,2
headed,1
wawasan,1
orangnya,1
berpendidikan,1
pemikirannya,1
waknat,1
diambil,2
dibuka,3
menolong,1
lain2,1
basically,1
ingatkan,1
rmc,1
funtion,1
letting,1
clowns,2
beautiful,3
ditakuti,1
divaksin,2
penggubal,1
settle,1
tudung,1
order,1
entire,1
dilawan,1
blackwhite,1
ketidakadilan,1
cerah,2
banding,1
yahudi,1
israel,1
bairkan,1
bermewah,2
mewahan,1
menghina,1
dlam,1
selebihnya,1
twitter,1
bahagian,1
reply,2
way,1
fmco,1
drastically,1
decreasing,1
emergency,1
ordinances,1
agong,2
rescue,1
benefit,1
getting,3
seriously,2
close,2
factories,2
causes,1
widespread,1
vaccines,1
dumb,1
customer,1
foreigner,1
lenyap,1
spec,1
lpstu,1
fhm,2
blaja,1
rintihan,1
replies,1
spoken,1
voted,3
loosing,1
jobs,2
everybody,1
concerned,1
preserving,1
now！,1
takbir,1
urus,1
hancurrr,1
march,1
gym,1
built,1
blood,1
sweat,1
tears,1
loans,1
closed,1
spike,2
late,1
looser,1
fedup,1
kolot,1
lapar,1
berakal,1
monyet2,1
fungsi,2
membuat,1
lutut,1
angkat,2
xbg,1
spot,1
matibila,1
xpasrah,1
serba,1
menyeksa,1
kuli,1
daughter,1
perap,1
cikgu,2
friend,1
mine,1
darjah,1
sehari,2
menangis,1
on9,2
pengkhianat,1
pimpinan,1
kebelakang,1
pembaharuan,1
barang,1
dapur,1
kalu,1
especially,1
dap,1
taikkan,1
benar,1
lembap,2
berhujah,1
lantas,1
penakut,1
professional,1
fuckin,1
governments,1
african,1
kopiah,1
terbang,1
disogok,1
left,2
priority,1
jobless,1
options,1
ultimate,1
wealth,1
career,1
laughing,1
stock,1
world,1
rela,1
gelak,1
bahagia,1
status,1
diabaikan,1
layan,1
tarikh,1
lahir,1
sembuh,1
abes,2
hingga,2
redha,1
dikhianat,1
disaluran,1
iaitu,1
dimatikan,1
perlaksanaan,1
nmpk,1
krisis,1
jgka,1
dungu,1
ape,1
diorg,2
tuhan,3
disembah,1
dos,1
butoh,1
per,1
misery,1
kematian,1
asik,1
kian,1
tone,1
deaf,1
risau,1
setakat,1
dipilih,2
memusnahkan,1
sementara,1
bulu,3
hapuskn,1
terlibat,2
kempen,3
saddiq,2
pgg,1
jwtn,1
nnti,1
thn,1
subur,1
combating,1
replace,1
wild,1
spread,1
taken,1
hardships,1
‘kerajaan’,1
little,1
normalcy,1
terbuka,1
sebok,1
berpolitik,1
sadden,1
knowing,1
trapped,1
depression,1
promised,1
adult,1
resistance,1
force,2
gesa,1
diorng,1
bkn,2
jela,1
smua,1
benak,1
idc,1
eleh,1
bunyi,1
asas,1
kerakusan,1
mengkaburi,1
pentadbiran,1
berhemah,1
kepercayaan,1
berkaliber,1
diganti,1
hipokrasi,1
pertama,1
sblm,1
baby,4
bniaga,1
msh,1
menggila,1
kedai,2
seribu,1
penjaga,1
mcari,1
rezeki,1
ssuap,1
berbeda,1
doa,1
mudahkn,1
aminn,1
ibarat,1
zionist,1
jadah,1
perjuangan,1
“pemimpin,1
menyebabkan,1
pling,1
gilakan,1
xfikir,1
rendah,2
upsr,1
jutaria,1
lotih,1
bondo,1
menggagalkan,1
suka,1
hura,1
hara,1
ooo,1
isa,1
lagi…nama,1
tersangatlah,1
xdk,1
trpksa,1
trutama,1
xkerja,1
xmkn,1
bangang2,1
tumpang,1
iklan,1
❤️hye,1
polaroid,2
20pcs,2
rm10,1
murah,1
100pcs,1
rm25,1
selain,1
accessories,1
albums,1
berminat,1
negaraku,1
gone,1
gvt,1
tmenteri,1
duta,1
khasmb,1
mercedes,1
parliamen,1
vaksi,1
marah,1
ttp,1
korg,1
heboh,1
pilihanraya,1
brkesan,1
kwsn,1
spt,1
spoilling,1
utter,1
pid,1
timid,1
officials,1
caters,1
behaving,1
rusa,1
kampung,2
upon,1
decisions,1
puppet,1
kenamaan,1
sekatan,1
berpoligami,1
merentas,1
daerah,1
menjenguk,1
suami,1
arwah,1
berpenat,1
menjaga,1
tewas,1
takselamat,1
ccu,1
tackle,1
issues,1
berjiwa,1
bergaduh,1
berebut,1
susahkan,1
social,1
suarakan,1
‘empathy’,1
sekattekan,1
benci,2
pengikut2nya,1
habes2,1
sialnya,1
sila,2
pecahkan,1
local,2
penyumbang,1
peniaga,2
pengurusan,1
zealand,1
pelik,2
berbuih,1
rak,1
kejadah,1
nsib,1
wowowow,1
smart,1
gold,1
star,1
studying,2
anything,1
difficult,1
stressful,1
committed,1
penad,1
kecil,1
xboleh,1
kluar,1
serious,2
terabai,1
nenek,2
playground,2
warning,1
toy,1
section,1
stationary,1
kelaut,1
tny,1
solat,2
alih,1
tugas,1
malaikat,1
showed,1
ever,2
told,1
truth,1
answer,2
jokers,1
bottom,1
self,1
absorb,1
pocket,1
false,1
else,2
acknowledge,1
jajah,1
comms,1
sufficient,1
use,1
precious,1
upgrade,1
testing,1
facilities,1
used,1
knee,1
jerk,1
reaction,1
malingkup,1
pertahan,1
terdapat,1
bengap,1
jew,1
berkepentingan,1
sebelumnya,1
poyo,1
boneka,1
sandiwara,1
laknat,1
serabut,1
rimas,1
hirup,1
udara,1
kejap2,1
junjung,1
titah,2
tuanku,1
tuaku,1
bina,1
gelombang,1
hijau,1
kala,1
beria,1
panjat,1
pagar,1
wal,1
kebanyakan,2
menurun,1
kebanyakannya,1
pom,2
pang,2
benarkan,1
besar,2
naga,1
biggest,1
riot,1
tembak,1
peak,1
losing,1
dianiaya,1
lewa,1
ciri2,1
bebaskan,1
3rd,1
acah,2
segar,2
kuno,1
mageran,1
kerap,1
meeting,1
acah²,1
terumbang,1
ambing,1
dikibarkan,1
terputus,1
bekalan,1
dihulurkan,1
kejam,1
memperlakukan,1
diatas,1
undian,1
tuk,1
membela,1
diterangkan,1
sahabat2,1
kpd,1
kompetent,1
pemimpin2,1
habis2,1
tunggang,2
agama,4
hingusan,1
gadaikan,1
kekuasaan,1
birit,1
hmmmm,1
malapetaka,1
sabar,1
inikan,1
parah,1
kuncu2,1
ahh,1
lancau,1
brjiwa,1
kuasanya,1
tnjukkn,1
terangkan,1
stiap,1
tindakkan,1
mngurus,1
memajukn,1
insyaallah,1
darah,1
pahlawan,1
mengalir,1
temurun,1
moyang,1
memperjuang,1
keadilan,1
two,1
refer,1
umumkan,1
kenaikan,1
time2,1
disc,1
menguji,1
kesabaran,1
hanyalah,1
murahan,1
mane,1
janji,1
kangkung,1
bisa,1
dipenjarakan,1
bersemayam,1
kemerdekaan,1
engkau,1
memaksa,1
siapkan,1
untukmu,1
pemberontakan,1
checkout,1
release,1
tuke,1
cerulean,1
dir,1
prod,1
vaxtor,1
berkat,1
solid,1
formidable,1
click,1
trending,1
hashtags,1
narrative,1
caya,1
efforts,1
vain,1
1yr,1
tried,2
track,1
1st,1
went,1
drain,1
worsen,1
till,1
elaun,2
rendahkan,1
generation,1
jurang,1
musnah,1
kurangkan,1
bangunan,1
banyakkan,1
maintaning,1
tmpat,1
ziarah,1
bersama,1
malang,1
oversea,1
tajaan,1
turkey,1
hegara,1
mesyuarat,1
zoom,1
mereke,1
dahulu,1
konon,1
kluarga,1
tngani,1
penunggang,1
struktur,1
raja,3
maksum,1
palatao,1
gejala,1
raikan,1
majlis,1
perubatan,1
perumahan,1
terarah,1
asing,1
responsible,1
honesty,1
lies,2
k3bodohan,1
childhood,1
important,1
development,1
didesak,1
berperikemanusiaan,1
mendahului,1
alat,1
transparent,1
program,1
effektif,1
secret,1
meetings,1
france,1
disaman,1
dipersoalkan,1
white,1
flag,1
dipoliticise,1
kasi,1
inginkan,1
gonna,1
succeeded,1
nearly,1
succeed,1
someone,2
simply,1
swooped,1
claim,1
victory,1
sincerely,1
openly,1
kurung,1
pasangan,1
disebut,1
1billion,1
woi,1
celakalah,1
takyah,1
baguslah,1
airport,1
buto,1
kaulah,1
dictatorship,1
shows,1
voting,1
unreasonable,1
dinosaur,1
2021,1
saje,1
tertinggal,1
niii,1
aci,1
timb,1
kawin,1
