username,tweet
nuru1ain_,penat dengan azmin 
imber,tahnya 
fatihrijal_,sebab malaysia dah macam menuju kehancuran dengan menteri menteri yang cetek akal hanya mementingkan duit dan kuasa 
dygalanis,because need change malaysia better one better than this one 
admimrn,untuk generasi hadapan 
hxfizuddin_,saya dah penat penat tunggu vaksin dari februari sehingga kini masih tiada apa apa penat dengan double standard yang terlampau jelas tapi masih dinafikan penat tengok orang atasan mewah seronok seronok sedangkan rakyatnya merana 
ceoofheartless,sbb cameron highland comel
qul_yaq_mad,sebab sistem kesihatan kita bakal runtuh 
dayangsuhana_,had enough with old people and corruption 
__elzee,kegagalan kerajaan mengawal pendemik 
farapening,unfunctional government 
siewwaileong1,freedom and liberty 
edtaufiq,double standard menteri semua biol2 cuba manipulate facts padahal rakyat semua dah tau not 
jujuawujan,kite perlukan parliment sebagai negara demokrasi
amni_lemon,kerana mereka tidak amanah
diogenes_penis,just tired
anwarzainnudin,sebab politik malaysia tak pernah mature
mrfirdausjailan,jalan keluar daripada pandemik masih samar jumlah swab test kurang vaksin masih lama nak capai target sampai bila nak pkp rakyat sampai ada yang terpaksa catu makanan 
inaraaa_17,sbab xnk berada bwh pemerintahan org bodoh2 mcm skrg 
epankhai,sebab menteri babi rakyat tengah susah dia boleh pulak buat pesta makan durian pergi bercuti dekat paris lahhh haa apa lagi baru recent
badrulhanif_,guna nie boleh 
demokrasitotal,gagal cirit double standard mandulkan demokrasi bacul masih belum ada keabsahan bukan mandat rakyat tuntutan 
ezzwanmardzi,sebab perdana menteri sekarang tak handsome
amni_lemon,kerana mereka tidak peduli rakyat
hmmm_nnnnn,politiking tak sudah2 
haisayaadriana,penat dengan semua bullshit kerajaan fed 
n1kee3,love malaysia seeing our country how now really disappoints many 
nyahkaucorona,sebab menter malaysia semua dah hilang arah mabuk keputusan ngarut benda simple tak boleh handle sendiri plan sendiri implement sendiri evaluate sendiri bangga dan puji tak merepek kerajaan apa kerajaan patut dipegang golongan mampu dan bertanggungjawab 
heyitsmelees,teruk teramat teruk susah rakyat tak difikirkan tapi diputar belitkan demi kuasa dan nama pentingkan diri penting diri selesa dari rakyat takut jatuh kuasa sebabtu asyik berbelit suara tak tahu malu
nonesfav,kawan dan ahli keluarga saya ada terkesan disebabkan covid mungkin kalau vaccine sudah diberi lebih awal tiada masalah kewangan dan kesihatan yang kritikal berlaku
azfarnorman,lemah nyawa
sukhjeet_98,because the country fcked
yintheboss,‍♀️
khlshrsln,penat bro rasa macam tak divalue sebagai human being lagi dah 
listentous1212,need better government one that cares for the people 
_nrsyzwani,sebab good results from what they’ doing right now
malaysiainsight,
__husni,need change and vanished these old incompetence our government 
mubinikki,everyone aged the parliament gotta bro lmao
lolunkwo,bagaikan hidup dibuai angin
awatifwardina,untuk jadikan malaysia lebih aman dan harmoni
fazyusoff,kenapa tidak 
farrahingk,saya dah penat duduk rumah mental exhausted dengan keadaan sekarang takboleh fikir secara betul dengan sikap masing masing yang sombong dan hanya lepas tekak sendiri ramai yang menderita 
ainninngg,sebab sayang malaysia❤
shermanpravin,the same reason that you have bro 
dobbynuddin,kerana kita perlukan plan tindakan yang lebih baik dari sekarang untuk bendung penularan covid dan dalam masa sama tingkatkan kemajuan ekonomi negara bukannya sekejap pkp lockdown pkpd sampai sudah 
mrkimsan,sebab dah penat dgn mereka yang nama nya tulung maka tiada apa2 kita dapat seperti saya ingin jual kerata saya sebab tak mampu bayar tapi puspakom dan jpj tutup tiada jugak duit saya bule dapat dan kena call2 bank 
alxahxxn,sebab dan penat lalui kehidupan macam kais pagi makan pagi kais petang makan petang lost income and need struggle live btw anyone who want support business can whatsapp for now this one and only income   kerabu ayam 
rahmanazri99,ikot orang
listen2tomjones,sebab kerajaan bangang covid boleh diatasi dgn baik kalau kerajaan ambik langkah yang betul tapi kerajaan ambil tindakan bangang sampai berpuluh rakyat mati hilang punca pendapatan dan pendidikan terganggu dah rmai2 cadangan pon masih bangang
enon28,hidup dalam pandemik tapi pengemudi kelihatan sesat tak jumpa darat kami mahu arah tuju jelas plan menyeluruh mahukan kerajaan proactive bukan reactive cukup lah kami penat penat hidup dalam ketidaktentuan 
armandyriza,mature politics both sides rakyat would able choose the right leadership for next election member parliaments who puts the ppl needs first before theirs and quit blaming each other and comparing who better and who not 
sharinaarinaa,remind them that this democratic country and want our rights such our voices heard
_lemondah,sebab kecewa orang berkuasa tapi sekadar memonopoli kami didedahkan generasi muda bakal memerintah negara tapi bila peluang diminta buah fikiran disuara yang sepatutnya menelaah tiba tiba buta malaysia masih boleh diselamatkan dan memang pernah terselamat sekarang 
rumpedtrogon,gross incompetence double standard leadership kaki belit menipu tua tapi bodoh 
bangmuehhh,dah penat terlampau penat rakyat patuh sop sungguh2 tapi depa duk kesana sini fun2 tak kena tindakan apa2 pastu kes tak turun2
asyrafmiswan,pemuda tertekan ramai anak muda yang mempunyai business strugle bayar staff nak bayar sewa rakyat keliru dgn kenyataan dikeluarkan 
alrashidzulkefl,sudah hari berlalu sop negeri sabah sepatutnya dikemaskini umum sebelum masih tiada perkembangan terbaharu bayangkan seorang mall hubungi saya bertanya “kita sabah business hour pukul 10pm 7pm ” incompetent governance kana pisit biji 
tiiiiiiiimothy,saya dah penat dengan sikap sesetengah pihak kerajaan yang masih ada sikap double standard dan pihak atasan yang senang lepas dari semua benda tak masuk lagi students yang ada masalah odl tiada akses internet phone semua banyak lagi 
arieftweets,baik lagi mati berdiri dan melawan dari mati ditindas 
arcmarputra,sebab masa depan dah tak nampak mampukah kita kembali seperti dulu 
eyuawesome,kenapa terang2 ada penipuan rasuah double standard corruption pastu naik pangkat guna orang dalam menteri langgar sop tapi takde tindakan 
xrifin_,semua org terkesan tapi bukan semua org berkorban separuh industri ditutup tapi kilang semua buka vaksin lembab “bantuan” dari tabung bersara saman merata pada org memberi bantuan dan menerima bantuan terlalu lama dipijak sampai kami dah lali tolong kami pls 
ifdec_,for new malaysia penat hadap politician yang tak guna rasuah yang selfish kroni kabel pemikiran lapuk menyampah dengan seniority ubah lah kesian dekat generasi akan datang kalau malaysia masih begini 
enchemz,dah penat dan tak sanggup lagi tengok ramai rakyat marhaen hidup menderita disebabkan kerajaan tak competent hidup rakyat marhaen dah macam collateral damage lagi sakit hati tengok politician yang salah guna kuasa bodoh makan gaji buta sibuk kayakan kroni dan keturunan 
fanarzyn,sebab saya dah nampak masa depan negara kalau kerajaan sekarang yang pegang sikit² dah nampak perangai sempudal masing nak nasib anak anak muda dan rakyat malaysia terus susah itu sebab nya terima kasih 
thehanishamid,penat dan the edge giving help 
opiesssss,benda batil kena lawan alquran turun membawa kebenaran itulah nabi rasul sampaikan itulah sebab kami lawan 
fairyfarina,kesian kat frontliners kesian kat org berniaga kesian kat orang hilang punca pendapatan takut ekonomi boleh recover penat baca rakyat maki kerajaan tapi macam curah air kat daun keladi langsung xde perubahan tapi makin bebal menyakitkan hati 
yoyoshar,double standard enforcement people’ health should the utmost focus care terms financial health education and food for the people need need gov that works not just mere symbol incompetence 
jaghead13,cause the current leadership aren’ the people can’ expect them come with plans which are for the people 
muizofficial,sbb pembangkang mcm tak nak lawan 
onenonly57,penat rakyat ikat perut ramai hilang kerja tak dapat berniaga tak dapat bayar bil dan sewa tiada makanan atas meja kerana pkp doktor dan misi tak lagi mampu berdiri peluh menitis dari pagi tiada masa pun utk perut diisi tapi kerajaan dan menter masih buta dan tuli 
muhddan1sh,kita perlu kan pemimpin generasi baru
lamkanahraf,penat the direction are heading very bad for both the nation and its people keadaan sekarang teruk rasa macam dah tenat kerajaan ahli politik dan vvip tak kisah pasal rakyat need get ride this rethink our approach govt put rakyat first
dasuki_yusof,sebab keadaan rakyat tersangat tenat syed ada takda kerja semua tenat 
finateh,lawan kerana penat tengok rakyat2 hidup terseksa dan tak tentu dengan kerja dan perniagaan tak tetap dan kes2 covid yang sangat tinggi dan orang2 atasan tak ambil tindakan yang sepatutnya dan tak mendengar luahan rakyat yang dah lama bising kerana sudah tak tahan
ahbeng24265193,double standard clear sop brainless people holding menteri post cant see any hope and where our malaysia will these people continue ruling our country 
purrfessionals,sbb mahu anak cucu kita dapat menikmati kehidupan selesa masa depan kalau skrg pun gaji min rm1 hutan pun dah ditarah apa lagi tinggal tahun akan dtg mereka berhak utk rasa gaji tinggi pergi jungle tracking dpt kerja tanpa perlu guna cable atau merasuah 
zulismailfvr,lockdown sikda hasil kes masih hidup terbuang dirumah sahaja light the end the tunnel 
helxmi,saya sudah penat depa bodoh betul atau buat2 bodoh 
ainshafff,sebab saya masih nak hidup 
shaun_syhd,orang tengah susah tapi semua benda dipolitikkan 
jaylee1432,are against corruption want clean administration run the country with good stability will also fight for the youths 
shohlution,saya penat jadi staff kontrak kkm kalau kami dilayan dengan teruk rakyat lain macam mana pulak 
beomisticgyuuu,’ had enough 
joshuaj58730867,because want equal rights for all races 
mat_https,penat makin gelap nampaknya masa depan negara bila nak habis semua kes turun nanti ada pru pula pastu kes naik balik sbb variant delta letih meniaga pun sbb nak lepas hidup alang2 support lah dgn beli sini 
hana_hana8362,saya penat tunggu vaksin sedangkan ada orang sebaya saya sudah dapat dose vaksin 
haniff_azizz,sudah penatt
aeizatism,sebab mereka terlalu bodoh
hidayah_farina,stress tengok kes covid tak turun2 gajii tak sampai tapi kena potong gaji menteri puluh2 ribu tapi duduk goyang kaki tak adil situ 
khairusani7,penat hari2 tgk kes makin naik menteri2 pon makin berlagak lupe diri lupa tanggungjawab menteri double standard 
o7991h4,saya nak masuk universiti saya dah tak tahan belajar online dari sem 
izdhrhkl,saya nak ubah destini anak bangsa…ehh macam tagline universiti 
tidakbulitahan1,sewa rumah kereta bil air dan elektrik tertunggak kerana tidak dapat bekerja harapan semakin hari semakin tipis 
sankerganesh6,keangkuhan dan sifat lupe diri termasuk penyalahgunaan wang rakyat utk mengkayakan keturunan depa…
silvrfury,tidak adil tidak profesional tiada integriti rasuah double standard zalim tidak prihatin tidak ikhlas dan paling penting sekali 
aniqanas,biasness mco cmco limit pitiful vaccine distribution shameful insensitive remarks overall incompetency govern
twtpeep,penat sebab atas terlalu atas dan berpijak bumi tak nyata also azmin ali
mrbabuk90,ikut orang² tuan 
afman7903,penat dah pkp pkpd pkpb 
y15koon,already fully follow any sop imposed the government but the ministers not following the sops what the purpose for staying home for and half year online studies and not even rm1 discount from the uni 
tijnarinif,need the government start governing the country instead shaking their legs doing nothing enjoying their life the account the rakyat suffering need them understand that our livelihood affected due their incompetency need changes move forward 
aamzn10,incompetent gov dah lantik zul bagus kena buat bnda sama utk bidang lain kpm kkm dsb dan tak puas hati knp and jemin dpt vaksin dlu aku oku smpai skrg tak dpt ank jemin oku warga emas frontliner dan stop unnecessary censorship 
khawasake,because need government body that cares about people simple that
theisyraff,kuasa rakyat semakin lemah demokrasi semakin pudar suara rakyat tidak didengari rakyat semakin tenat ramai kehilangan nyawa mental health dipandang enteng
sowhateverlah,sbb brainless boomers old stupid minister yang tadbir negara since dulu very insensitive with the rakyat very out touch plus gaji graduan sikit takde jaminan kerja after graduate
abrar_theabrar,last hope utk malaysian youth fail then time leave
itsmehasraf,sebab nak 
syarahbasirah,saya dah penat noktah
helloafif_,penat dari segala sudut baik dari handle pandemik sampai ekonomi secara keseluruhan kerajaan gagal dan akan bagi mudarat kepada negara jika mereka kekal memerintah 
sikhwannudin,xlarat makan super ring 
upupkenchoong,supaya semua politician kat malaysia jadi kurang banggang  
acapazizan,kami dah penat hidup double standard menteri pentingkan diri 
sykrzck,didnt even elect this leader govt dont even want them make rakyats lives more miserable help slow uncoordinated double standard sops menteri2 tua slow narcissistic accountability blames others for their own incompetence 
mawwiahhh,because how many more people have suffer because how the govt grossly mishandled this pandemic 
mankimcat,all summarise this thread 
nurfazlinn,penat 
ubaidbmohsin,sebab makpak saya punya business tuisyen tahun terpaksa tutup macam satu lagi saya nak potong rambut rimassssss
chombiku,dari dulu lawan tetap lawan rakyat nak pemimpin adil amanah cekap dan tegas tapi laa pegang jawatan semua dah pangkat atok2 pun gila kuasa xtakut agaknya balasan
paedrazip,sesetengah ahli politik selama ini kononnya membantu rakyat walhal sebaliknya kemiskinan semakin berleluasa rakyat hilang mata pencarian dan ada smpai bunuh diri jika ahli politik masih boleh berfikir disaat pru sabah rasanya kita sudah menang aku penat lelah 
blackrt16,sebab saya sebagai student rasa paling tertindas bayar yuran pengajian penuh kena online class kena buat kerja rumah parents dibuang kerja life masa muda sia sia 
invisuuible,penat duduk rumah odl dari diploma now dah masuk degree takde life takde memory mental penat badan penat kes masih naik naik and terus naik frontliner penat student penat orang berniaga penat satu malaysia penat but action and double standard 
pemujarahsiaa,sebab dah penat dan tak sanggup lagi nak ada dalam situasi bodoh macam 
23potteh,literally most tired penat dah lama berkurung rumah tak produktif hilang semangat xde future rasa and yet this government incompetence really make angry they just ignore our suffering just they could stay power when are powerless
eshtchn,entahlah tuan kerusi pemerintahan dipegang orang orang tua yang hipokrit tambah lagi dengan menteri yang bebal nak saman rakyat sebab kibar bendera putih tak competent tapi selfish nauzubillah dia sokmo yang nak memerintah saya sebab pemerintah dan ahli politik bodoh
zariasofieya,sbb kte rakyat biasa makin ditindas dorg senang makin senang dorg punca kes naik kte mangsa dgn bantuan alahai kdg2 btul2 rasa nak gantung diri kte nak tlong kwn2 susah pun xdpt sbb kte pun susah skg sedih and penat but nak xnak kena teruskan hdup
lily64117126,penat dahh wehh berkurung craving banyak nii dlm perott 
azmilroslan_,aku rasa kabinet wakil pelajar sekolah menengah lagi ada common sense dari kerajaan bodoh jadi kita 
myoradzi,mereka cuma pentingkan pangkat tiada plan untuk negara korupsi sana sini rakyat dikurung seperti haiwan peliharaan cuma diberi apa menteri maukan tolong lah rakyat kita perlu merdeka janganlah biarkan kita dijajah oleh mereka merdeka dari korupsi merdeka dari covid 
lemonwheeesky,penat our future uncertain there credibility uphold our leaders shame performing injustices towards the people people power need know that rakyat has reached their limits
sheikhshahrir,saya rasa kalau kita tak hari malaysia akan meleset “point return” dan anak cucu cicit kita akan merana masa hadapan seperti negara2 jiran kita yang dirosakkan pemimpin korup tahun 70an dan 80an 
krulfadhli,patut ada peluang jadi ‘hero’ tapi disia siakan begitu mudah menyalahkan rakyat buat benda sama ulang ulang tapi tak menjadi barisan menteri tak ada contoh kepimpinan tauladan senang senang melanggar peraturan dilepaskan tanpa hukuman setimpal 
diyahensem__,tak tahan dah tgk kesengsaraan rakyat ahli politik perli rakyat agamawan pulak banyak yang dok sokong pemimpin tak adil 
farrahperodua,sbb dorang propa acah2 mak enon
irsyadusion,golongan pelajar sehinggalah orang berumur terjejas akibat sifat selfish orang atasan…kebebasan bersuara rakyat makin pudar dan semua initiatives rakyat untuk membantu rakyat yang lain dianggap simbol menjatuhkan kerajaan walhal mereka semangnya memerlukan pertolongan
toor8293,tahun lps masa ekonomi start jatuh masa tsmy dah ajak lawan ramai2 kecam saya balik tahun lps majoriti sokong atau muhyiddin skrg dah putus asa mereka dulu kecam kami skrg turn berhutang 100 pendptan mereka org2 susah skrg 
azwnrsa,pkpd function dia mcm apa sebenarnya aku student lgi pergi kerja partime pun bapa yang hantar lepastu polis ckp sorg dibenarkan dlm kereta pundek betulla kena berhenti kerja sebab pkpd bodoh nak ambik lesen asyik pkp leastu lockdown
joshuadoliveiro,sebab saya tidak faham logik polisi kerajaan ini terhadap pandemik saya hanya lihat rakyat hidup susah 
toktukun,kerana sudah sampai masa malaysia ditadbir oleh generasi dan dilapisi oleh generasi kami perlukan perubahan minda dan anjakan paradigma yang total kami sudah bosan dengan cara lama yang menggunakan taktik divide and conquer rakyat malaysia 
sofianyaakubb,nak sabah atas urusan kerja tak dibenarkan perlu mohon permit pas masuk sabah dah mohon tak lulus atas alasan pkp sabah gov inform jika ada kelonggaran sop baru mereka boleh consider beri kelulusan tapi sehingga harini tiada update sop baru dari mkn untuk sabah 
rozalinakarim_,kaya makin kaya dan makin sombong susah diugut dibuang kerja dipaksa kerja hak pendidikan utk pelajar dilunaskan kerajaan tak pandai tadbir negara nyawa rakyat dibuat main
chokinetto,dah tahun hadap covid kalau ada otak anda masih mahu bersangka baik dengan kerajaan baiklah anda buang otak anda rasa macam diperintah oleh sekumpulan budak tadika 
izzataizel_,saya dah penat dengan kerajaan sekarang
yuslainiazmi,lawan demi anak bangsa dan meneruskan kehidupan yang lebih baik 
adrnmir,mereka yang starter buat masalah adalan prn sabah 2020 kerana waktu kes harian malaysia hanya angka selepas pilihan raya kes naik mendadak sampai lah harini waktu kes dah naik pun buat taktau bila dah lambat buat lockdown skrg malaysia menjadi kucar kacir
haarreessh,the pandemic has shown what the true colours malaysian government years merdeka yet favoritism cronyism double standards huge income gap among the rakyat incompetence and racial bias are still thing here time for revamp the system all had enough 
aliffzulkifly,penat penat dengan undang2 yang double standard menteri yang tidak berkhidmat untuk rakyat pemerintah yang pengecut 
22sara95,penat penat sangat geng2 tua bangka masing2 sibuk membuncitkan perut masing2 sedia ada buncit trying keep their money rolling tau crying sleep tak elok salah satu cara nak hilang stress 
erfartey,because time
nourishmin,honestly sebab penat bangun bangun baca berita sedih tentang rakyat dan penat baca berita sakit hati tentang ahli politik sampai bila rutin akan berterusan 
txkangofficial,sebab senang
mariessa23,parlimen tak buka kebajikan rakyat tak dijaga double standard kilang tak tutup kompaun sesuka hati pkp pkpd tak effective vaksin tak dapat lagi menteri boleh melancong luar negara tapi rakyat merana makanan pun takde
pacinggo,lawan sebab useless ade power xnak guna azmin plak bela tauke2 kononnya keuntungan industri penting waktu sesak mcm sekarang masa depan kanak2 makin kabir dgn sistem pdpr nampak keberkesanannya bantuan cuma sekadar penyedap telinga walhal ramai memerlukan
yqian18,for our education economy democracy mental health and for better malaysia follow all the turn and weird sop but what gain our frontliner and people suffering sad see what happening now 
wolfupus,sbb gov haram nih terlalu budu ikut akal budu diorang nak buat apa lupa diorang akal 
dannnamiri,tiada potongan yuran walaupun belajar dari rumah kadangkala pensyarah cuma bagi tugasan tapi perlu bayar penuh seperti belajar kampus jika tidak wang tersebut boleh dimanfaatkan untuk perkara yang lebih mustahak seperti pembelian peranti yang lebih baik atau pelan internet
cheajibsayang,sebab kami tak cinta
haikal_joee,comment aku sakit hati gila dengan kerajaan sampai tak tahu nak luah cemana kahkahkah dasar pintu belakang tak berhati perut 
lovemalaysia22,proud malaysian but our government make shameful
mohdfaizalmusa1,dosa terbesar dalam islam ialah dan ganjaran terbesar untuk orang islam ialah 
heykamarul,kami sbb kami semua tak tahu siapa yang betul2 peduli kerajaan atau pembangkang semua niatnya nampak kabur letih menghadap perlawanan politik yang tiada berkesudahan kuasa wang tiada noktah kami untuk kami demi masa depan kami sendiri 
mlhbma,kita perlukan pemimpin muda 
ammvangelist,saya lawan sebab dah penat dan kecewa apabila rakyat tak bersalah ikut sop berkerja keras bantu membantu tapi dihukum pula oleh kerajaan dengan segala mcm pkp pkpd pkpbbxjsiwnxbjw sudahnya makin ramai tertekan dan hidup dalam kesusahan 
tqa_hamzah,almost months lockdown mean “totally full lockdown” still result 
mohdalazim55,kenapa kamu bodoh sangat tolong kongsikan
shanaliag,enrolled for the  since feb yet scheduled date the lockdown driving crazy the ones seated high places still get fly out the country and enjoy life like there isn pandemic going the plight people suffering and the rise suicide cases 
kaikai_ze,muak penat 
anarch010gy,how bout keeping politicians away from our lives 
xhmxdfxiri,because had enough ini bukan soal bagi peluang apa sacrifice like everything almost years lampin kalau penuh tahi kita tukar atau kita biar hadap you choose 
neshhhk,tired exhausted fucked another level thousands people died and dying incompetent government abusing law stucked loophole with this called lockdown exit strategy for covid depressed 
_qolifahh,sebab saya nak cari kerajaan yang boleh mudah kan uruskan permohonan kad pengenalan saya dua kerajaan slow dalam uruskan hal kerajaan mana laju suggestion please tapi saya takde saya tak boleh undi kerajaan memana kan hahahaha fair kan 
dhalias_,dulu pernah menang dgn kes tapi sbb pru tah pape aritu naik kepada kes sekarang ‍♂️ tanpa rasa bersalah pakcik menteri siap mkn durian kat dusun sambil hisap rokok john tgn ‍♂️
luckeshwaran,hello sir final year student have enough staying home its very hard for college students online classes and its hard find internship this pandemic got placement will travelling public transport with this pkp its suffering 
se_lancelot,that one will share experience 
hanathesith,sebab ramai yang susah disebabkan diorang sesiapa yang nak join hands membantu mereka boleh total ada orang submit dalam masa hari ada balance lagi belum dibantu semenanjung sabah sarawak kiv seorang perlukan bantuan laptop pun kami kiv dulu 
enhk79,kerajaan tak perihatin kepada nasib rakyat yang hilang kerja akibat penutupan sektor terlalu lama double standard antara kayangan dan rakyat kasta bawahan adanya muka menteri yang tak malu dah buat salah tak nak letak jawatan malah tak mengaku salah 
adoredaus,kerajaan corrupt
abdullahsazili,nepotism kleptocracy corruption 
ehayingg,sebab everyday menteri bodoh makin tak pakai otak bila bagi statement dan cirit 
leppojaa27,kerana pengorbanan rakyat tidak dipandang diorang sanggup memperjudikan nyawa rakyat 
elennammr,penat saya dah tahun tak ada gaji business kejap kejap tak kejap tutup kejap buka sales pkp balik penat kena pergi bank minta moratorium penat nak jawab telefon bank penat nak berlakon delan anak2 that are penat dah penat 
ridhwan_razak,sebab penat lah tengok kerajaan tak kompeten dan tidak cekap macam pak menteri fikir poket sendiri manakala rakyat ade yang mati sebab covid mati sebab bunuh diri
harrithshaz,walaupun diugut oleh kuasa authoriti untuk berpaling muka memejam mata menutup telinga membisu terhadap segala salah laku mereka mereka tidak akan menutup hati saya yang berpegang teguh kepada prinsip saya demi menyelamatkan negara tercinta ini dari terus dinodai 
daryideanna,sebab korup kerajaan didiri dengan scheme things jawatan dijual beli untuk sokongan dan lebih teruk semua jadi depan mata rakyat kita tak boleh buat apa apa 
zaakirgaffar,kami mahu demokrasi berparlimen dilaksanakan kami tidak mahu double standard menteri dilindungi law must applicable all rakyat mengalami kesusahan yang dahsyat tapi tiada empathy dari atau pemimpin pelan pemulihan dengan keutamaan kebajikan rakyat
pangeran_tweets,kita pasti kan unta tua saka tua tiada tempat 
namasayaeny,buka parlimen bincangkan secara muafakat utk cari solusi tepat mohon ketengahkan suara rakyat penat dah baca tunggu pengumuman demi pengumuman tiada penghujung 
e_drysdale_h,just hate and the whole government that all just want see them fall
eshaerinz,sbb gov hari ini hanya thu bercakap shj proses tiada
________hafiz,kita tak kerajaan yang bijak tangani wabak kita tak kerajaan yang faham bezakan keperluan dengan kehendak sewaktu pandemik tapi kita wajib bila tampuk kerajaan dipegang manusia bodoh sombong dan pentingkan poket masing² 
yapkoogene,because malaysia
neshhhk,students are being neglected the government ipt and even school students gave online classes tired burning out mentally and emotionally every day and night while other countries are going forward already still stucked this pandemic done
syznali_,double standard arahan sentiasa bertukar banyak kes dari kilang tapi pkpd lembah klang moga pihak menteri nanti ada jawapan padang mahsyar untuk itu sekian dari saya yang dah penat dengan agenda kotor orang atasan 
unknownlaaaaaaa,sbb kerjaan sngt2 melampau pemimpin yng zalim menyusahkn rakyatnya dah lame sngt2 duduk rumah smpai mental koyak terok macam2 rse xsnggup tngok orng2 menderita akibatkn kerajaan bodoh xsnggup hidup dlm negara yng dipimpin oleh orng bodoh
al_eesya,bulan yang sia sia bulan juga aku tak balik jejak rumah salam tangan mak ayah bulan aku duduk rumah wfh bulan juga bermacam macam kawalan pergerakan dibuat kes tetap keatas bulan rakyat menderita bulan pemimpin masih bodoh 
lisaster_,believe semua rakyat penat feels like never ending cycle that just goes and and ’ just pawns rakyat malaysia are just numbers the cases deaths are just numbers ’ all tired 
naresheeswaran,because livelihood has been snatched away 
shamaineothman,because didn vote for thieves and hoodlums govern this country 
frhtndzmi,sebab saya penat tengok ayah saya struggle cari duit time pkp punca menteri babi
napnapiee,banyak sangat badut yang memerintah dan jenaka yang diorang buat melibatkan nyawa rakyat punchline jenis apa 
asyrants,saya masih muda saya taknak masa depan saya hancur saya taknak hidup dalam negara yang tak terurus saya taknak orang korup dan incompetent tadbir negara saya taknak terpaksa berpindah negara lain sebab saya sayang negara saya 
neshhhk,need proper exit strategy from this covid pandemic save are suppose win this pandemic long time ago and guess what the government fcked and all they blame the rakyat 
perikatannajib,double standard demokrasi mati darurat tak function mahiaddin tak dpt control menteri2 mahiaddin punca 2nd wave mahiaddin tiada majoriti pelabur tak masuk parlimen tutup suara rakyat tak sampai azmin bodoh vaksin lambat menteri2 incompetent
syknxx,the country not even doing the bare minimum fulfilling rakyat’ basic needs and acting science and logic sbb kita lawan double standard lagi just make people piss off when are the one suffering badly this pandemic 
iamcrazycowbear,kami lawan utk diri kami sendiri utk bela nasib kami sendiri nyawa kami dipandang bagaikan tiada harga tiada arti oleh golongan menteri baik kerajaan pembangkang saya penat takut akan keselamatan diri sendiri ahli keluarga sahabat rkyat malaysia drpd virus ini
wafiahe,sebab saya nak spm
arenadzz,menyampah meluat penat 
ysminnnx,student want right back penat belajar online allah tahu alhamdulillah kalau kemudahan semua ada bayangkan cthnya internet terbatas allahu kami perlu belajar balik dalam keadaan sediakala ada kementerian pelajaran betul betul bertanggungjawab
fearnoone2020,they bloody stole our mandate…
frskyn,sick and tired watching the same faces forming the cabinet for decades they’ are obsolete 
aidielrosli,plan pemulihan negara tak nampak hasil kami nak something yang meyakinkan bukan wayang 
feez_aiman,saya mengharapkan pandemik ini dapat ditangani dengan lebih baik supaya masa muda saya tidak terbazir lebih lama sepatutnya umur dan sebagai fresh grad masanya nak cari pengalaman tapi macam mana nak cari pengalaman kalau terpaksa berkurung rumah dan susah nak dpt kerja
faie_mac,kerana pada tahap ini rakyat sangat terjejas dan sengsara akibat kepentingan politikus yang pentingkan diri dan posisi akibatnya sudah lebih setahun kerajaan masih lemah dalam mengawal penularan covid satu inisiatif mempertahankan kedudukan rakyat marhaen 
lameriff,penat dengan kerajaan yang taktahu apa yang dia buat nyawa rakyat macam takda nilai dibuatnya demi nak selamatkan tengkuk sendiri menteri semua tak guna double standard apa lagi 
coffeelattle,sebab awak taknak lawan
msuhailsr,sebab penat duduk rumah sampai mampos tapi takda hasil yang kaya terus kaya yang miskin selamanya miskin ditindas
pacinggo,cuba pikir nape org nak keluar kwsp sbb susah nak dpt bntuan gov baik zakat kebajikan etc banyak bantu cuma ngo prog vaccine bazir duit gov nape nak kena belanja buat prog mega walhal sekolah2 ada bleh digunakan 
weelz72614499,just felt the need fight back keep myself from being consumed this growing sense helplessness and defeat and the kerajaan sucks 
ayie_samsuri,sebab kerajaan buat rakyat macam orang bodoh
m15ara,sebab kesian tengok orang yang hilang kerja tak dapat makan jadi menteri dapat jawatan tinggi2 gaji tinggi2 nak bagi sumbangan pun berkira bagi sumbangan ciput tapi tampal gambar penuh satu kotak apa guna nampak sangat takmnjlnkan tanggungjawab dgn betul 
nuruleeyy,saya lawan guna kuku hitam sebab saya dah tamat belajar tapi convo2 sebab pkp saya tak boleh kerja sia sia kan masa muda rumah tak boleh enjoy dengan kawan2 life jual inai rumah jam sekarang 
cahyamatha,seksa segala2 business tak dpt gerak
khairzawawi,sebab politikus semua gampang 
sharanstars_,because frustrating know that our current leaders not understand what truly takes fight this pandemic have been pleading begging the government have full lockdown combat this virus 
msamalinamzain,letih nak hadap pkp sop double triple standard tak habis² rakyat nak bergerak sana sini kemain banyak sop menteri siap buat pesta makan durian too many list down sebenarnya
shamxykamal,rasa mcm rakyat kne penjara negara sendiri sop itu ini tapi menteri puak kayangan langgar mcm babi bile bersuara sikit terus buka kertas siasatan kepala bapak kau drpd negara terbaik atasi masalah covid terus jadi negara terbangang settle2 covid 
fayisyasydan,sebab dah tak sanggup hidup begini
harisygbijak,saya khianat rasulullah saw tak ajar khianat perjanjian dlm kisah abu jandal kerajaan khianat tak mungkin berakah 
mytheorem,sebab saya tak sanggup untuk hidup bawah penindasan orang tamak dan gila kuasa lagi ini negara kita 
cheapremebrand,kami sudah penat sebagai rakyat kami bukan kerana tidak syg atau cinta kepada negara kerana tidak lagi mahu duduk diam biarkan tanah air diratah oleh tamak haloba sibuk mencari janda nikah bini kedua ketiga ketika rakyat sedang merana cukup2lah 
frhluvfreedom,double standard boleh pesta durian kami dine with strict sop pun tak boleh… 
adihazim32,mengapa tidak 
myhasfallen,adalah signal jelas kepada kerajaan dan parti2 politik bahawa rakyat hari ini bukannya bodoh dan boleh diperlekehkan bukan milik mana2 parti politik milik rakyat malaysia boleh dilakukan kepada mana2 parti yang gagal memimpin dengan baik 
abangabangaban,many idiots
pacinggo,frontliner separuh nyawa punye pendapat dipekakkan keuntungan industri didenganya mcm dah bleh beza bunga dan taik jgn terkejut kalau malaysia ada puak pemberontak 
vthrj98,uni sendiri pun menindas pelajar dengan tidak memberi pulangan yuran yang sepatutnya many students are struggling and this umk are doing since the last year itself yuran too expensive and they not giving back they money shouldn pay them 
athiraakmrdn,saya dah penat assignment terlalu banyak sampai lupa tanggungjawab pada orang tua mental dah tak mcm dulu yuran still kena bayar dengan amaun yang sama walaupun duduk rumah data pun data sendiri kadang² gigihkan diri cari line bantuan student langsung takde 
tansriabahkau,sebab penat know not the govt but this point apa guna menteri ada kelayakan sijil dan degree kalau buat keputusan pon macam budak2 lebih baik pilih takde degree tapi tahu buat keputusan drpd fake degree
kalauakukaya99,sebab setiap hari ada saja benda bangang yang menteri2 buat 
okayaimee,selama beberapa tahun kita dimomokkan dengan undang undang dan juga penahanan yang tak munasabah oleh arahan menteri menteri dan pdrm tanpa mengambil kira hak kesengsaraan dan kuasa rakyat rakyat berhak dan cukuplah dah tiba masanya kami 
karmilanazar,not only the system complete mess this government has failed citizens many times countless chances were given and yet nothing seems improving for goodness sake the citizens wanted change but this isn the change that asked for step down
lolita89721,waste time and tax payers money sense urgency while people dying and suffered strategy keep dragging and buying time stay power makes much turn double standard bullshit plan
petewg_,very exhausting deal with covid some deals with the loss their loved ones and add that have leaders the country where their words and actions are not helping the situation all time for malaysians have better leader lead the country 
lightning_441,lawan virus covid lah sibuk nak guling kerajaan apahal hebat sgt dgr tumbang kat muar 
majou_san,the tua kutuk need some reality check that why 
tansriabahkau,penat sampai aku sendiri rasa kalau aku kena jadi menteri tak bergaji aku sanggup daripada tengok kerajaan buat keputusan tak ikut pakar dan keadaan melarat macam 
tashi27046138,please bring the topic ipcmc once the parliament finally opens have anxiety every time read the news look out window because feel scared them not just the government must lawan but lawan for our rights and safety too 
afiqzulkifliphy,untuk malaysia baru lebih baik
easysam_,dah tiba masanya org muda pegang tampok kepimpinan tuan bukan cakap org tua ada skrg tak bagus kerja nya tapi bglah org muda pula bekerja dan mencurahkan bakti negara zaman zaman org muda tuan 
peanutkacang,penat dengan pemerintah tiada kepimpinan melalui teladan penat helpless tak mampu tlg semua orang susah penat kena pijak manipulate diff note teruskan apa team buat may allah bless semua terima kasih kami
liloyl,demi malaysia  msians deserve better leaders who lead example leaders who inspire and leaders that care but all got now sampah 
priyasena,sebab dia org buat attitude kayangan dan memerli rakyat like are below them  govt elected ppl work for them not work for govt 
hikarinazuha,sebab bangang sangat 
aidiliboo,double standard
tansriabahkau,because the obvious tyranny and seeing how democracy played for the rule man and not the rule law makes body boils out anger
arfncen,sebab berpangkat terlalu angkuh lupa kuasa rakyat buat kerja tak serupa bikin tapi gaji jalan itu belum cerita kenyangkan perut kroni 
therealtiew,tired seeing called leaders not taking responsibility and admitting their faults mistakes want country have leaders that can relate that can connect with that can vulnerable like that will move the country together with not for 
priyasena,government should functioning effectively protect and improve the livelihood each citizen not bullying them taking money into their own pockets ‍♀️ 
sasghn,imagine properly manage this situation many moons ago with competence and proper lockdown procedure our economic condition will not bad now prn sabah really the definitive punco could save the unnecessary suffering and tragedy 
qamarazf_,saya taknak anak cucu saya hidup merana dek kerana saya tidak melawan menteri yang tidak kompeten untuk mentadbir negara 
thygr8gee,kami penat penat hidup mcmni penat nak hidup kerajaan mcm batu takda inisiatif and day day takda satu berita pun nak senangkan rakyat 
casyuewnut,sebab penat waibee penat yang tak berpenghujung dengan kerajaan babi kalau waibee ada peluang untuk duduk kerusi kerajaan lagi kekalkan dan tingkatkan performance okay jangan jadi cam orang2 tua kutuk penatlahhhh
_traditionalis,because these nonsensical lockdowns have ruined businesses spiked the number suicides and destroyed our livelihoods and economy they took away our freedoms and liberty and seek punish those who are already suffering 
oumonoman,fighting for better place for daughters 
joondaehwan,can stand staying home doing nothing sleepless nights and burnouts becoming normal thing day day life 
aliaanith2,sbb kes covid tak turun2 dah setahun lebih kesian kat orang miskin tindas tak dapat meniaga keluarga ikat perut student takda internet dan media utk belajar sempurna kerja kena buang gaji dipotong komitment tinggi duit tak dak duit simpanan pun habis kesian depa
fiqxahmad_,hmmm want better future for malaysia ☹️ plsss don’ make lose hope  malaysian deserve better now don’ see any improvement 
azriredhx,penat putus asa menghadap benda yang sama dah nak masuk bulan keluar duit personal saving sendiri untuk bayar gaji pekerja pekerja pun ada tanggungan keluarga nak bagi makan kalau kena diberhentikan kerja tak sengsara kehidupan 
nakhoda_ragam19,double standard banyak idea bodoh tak serius menangani kes covid dan terus bebankan frontliner sop cacamarba tak sensitif pekak buta dan lambat peka ttg kesusahan rakyat terlampau bermain politik dan gila kuasa memperbodohkan rakyat 
azizianuargg,penat nak melancong pulak 
tetaufiq,kami tak kisah sape memerintah kalau buat keje mcm hanat tak utamakan rakyat mmg kami akan lawan 
2ndrandomizr,because the raging double standard that’ been apparent throughout the whole pandemic how come the fully vaccinated cabinet aren’ returning office and not mention great deal our frontliners work tirelessly everyday with path any postgraduate programme 
parthipan993,saya lawan untuk sesuatu yang kukuh dan langkah yang bagus kerajaan ambil dengan menutup kedua dua pintu dan bukan membuka pintu belakang rakyat memgetahui semua 
syahirrahanis,jawab
pak_jokoo,terlalu banyak salah guna kuasa pecah amanah rasuah pakai cable buat keputusan mcm bdk sekolah langsung tak hormat suara orang muda duit kerajaan dibuat macam duit sendiri aset berjuta2 mana datang nye terlalu banyak pernindasan kepada rakyat  kami dah penat 
wnazhar_,dah malas golongan tua gila harta memerintah
aliefhakkim,sbb satu vaksin pun tak dapat lagi sampai skrg 
wfzy90,sebab kerana cirit dan durian terpkse lawan lupa bapak kluster pun samaaaa 
irowaboat,korang dah rosakkan negara 
aishallerin,nak kerja nak jaga mak
rahah_ghazali,why whatever your reasons are combined with the rest equally frustrating how strong well prepared will the opposition fight this mean deceitful government 
matt_murphy09,kita kerajaan pintu belakang dengan para menteri2 yang sombong dan bongkak saya mengishtharkan perang keatas kerajaan yang sombong dan bongkak serta mememtingkan kaptalis semata2 sampai mereka menyerah sekian dari saya
rakanbelia,sebab xde melawan bagi pihak rakyat
calistalieya,untuk semua rakyat malaysia terlalu ramai yang kehilangan pendapatan terlalu ramai kehilangan orang tersayang sbb covid terlalu ramai yang terkesan mental kerana terkurung sbb lockdown sejak covid start malaysia tenat malaysia 
ainaziz14,sebab takda satu pun method berjaya segi nak bendung covid naikkan ekonomi tarik pelabur fight utk living cost kebajikan rakyat plus tak mendengar langsung isi hati dan pendapat rakyat mereka hya fight utk kuasa duit masing2 xda langsung buat utk malaysia
dieyyy1,saya dah bertahun tahun tunggu untuk masuk zaman universiti sebab fikir dah bebas boleh enjoy dengan kawan jalan sana sini tapi sekarang tahun terbazir sebab kerajaan tak reti handle pandemik masa rugi camtu and tak dapat create banyak memories uni life 
gabbagabbahey4,sebab dah penat dgn sop tak ada kesan
mhafizzz19,kerajaan pembangkang kalau benda dah tak betul and tindas rakyat kami tetap sampai jatuh ✊
dex_wx,hopeless living but dead
ridfanh,pasal cara rejim skrg buat kerja efektif depa ada kuasa total tkde org boleh kata tidak masih semua caca merba masuk akal turn kali psl bincang dgn semua terkesan dgn polisi dorg 
atikajaferi,saya penat buat keputusan yang tak mendatangkan hasil duk fikir jangka pendek tak fikir jangka panjang baik merana sekejap dari berterusan macam kalau masalah negara pun nak saya fikir masalahlah ada kerajaan macam 
kaqimmm,respon kedah instagram  
sparkfinders2,kami rata rata tak nak ‘orang tua’ atau unconsciously competent dan incompetent tadbir negara ini… kami mahukan orang muda yang consciously competent tadbir negara ini yang terdiri daripada kaum melayu cina india suku2 sabah dan sarawak…
pittzaaa,penat terlalu penat kes covid dari 2019 lagi tapi lah sekarang dah worse pkp memang khas untuk rakyat agaknya 
jeffreychiang66,take look the conditions maeps the total failure any semblance organisation major quarantine facility reflective the larger problem plaguing this country run 
itsninott_,aku pun penat odl lagi lah tengok mak aku mengajar online 
alifnazimi,sedarkan malaysian betapa bangangnya pas kau sokong lah apa pun takpa asal bukan pas 
puterisshahirah,kecewa dengan kerajaan kalau boleh bukan muhyiddin letak jawatan azmin ali pun perlu letak jawatan paling tak function 
danialfreko,this country has soo many potential the natural resources the hardworking workforce country that’ extremely safe from natural disasters but why are this state because the incompetent leaders that’ why deserve better 
zomwavu,heart breaking see these suicide cases rising family struggling survive the month this not the malaysia want see soon 
yickhan,this present crisis government not the solution our problems government the problem ronald reagan former president the united states and even worse when shameless politicians part the government 
sshnzjwa,sebab kerajaan sekarang langsung tak fikirkan rakyat rakyat derita penat dengan pandemik kerajaan tak cekap sop yang bertukar tukar double standard kerajaan sentiasa salahkan rakyat kerajaan yang babi barisan menteri yang babi years yang valueless 
hasssseu,siapa lagi nak tolong kalau bukan recent gov memang out dah pembangkang pun masih boleh wish 
hariz_iskandar,letih nak hadap online class tambah pula tak boleh masuk lab untuk pembelajaran praktikal sangat menyusahkan tahun depan akhir lepas nak cari kerja agak agak industri nak student yang hanya tahu buat simulation kat laptop saja 
rosezrosezrosez,muat bersabar muat menunggu muat tryin make ends meet without job while lookin those power continue building happiness and riches top the rakyats suffering everyday enough enough malaysian lives matter 
brotherbhp,sejujurnya saya tak affected pun sebab saya masih boleh bekerja tapi reason kenapa saya lawan sebab saya jadi emotional tengok kawan kawan saya struggle nak hidup setiap hari dulu diorang sambung belajar sebab atas nasihat saya tapi skrg dah grad tahun rider kerja tkde
mejakerusi1,double standard yang ketara takdak sorok2 dah semua penat 
iyunaa_,give nak tengok govt keluar statement bodo sampai tak boleh bincang buat malu kat negara luar dia ingat bodo dia dalam malaysia they should portray good leader the outsiders but then dorg buat onar menconteng arang kat negara sendiri memalukan 
paukai_liao,sbb msia adalah negera berdemokrasi and our rights choose our leaders citizens suffering but mps doing the same gets away fine free why all ipts one year can online but these vaccinated menteris cannot reconvene parliament online 
rahman_thegreat,saya dah penat mental dan fizikal dengan kerajaan yang incompetent dan undang2 dua darjat ini justeru kami 
hannanimrafizi,this thread 
aisyhrazk,dah penat rasa dibodohkan dan penat melihat kebodohan kerajaan huh
aksaraqa27,penat saat rakyat bersusah hati memikirkan apa nak makan esok pagi ada antara mereka yang seolah olah seperti tiada empati 
akbakidin,sebab pemerintah sekarang function malah menindas lagi 
syiqeenrhmnv,sebab dah tau dah kes makin banyak dan tak turun² punca daripada kluster mana tapi still tak endahkan
daus_1601,sebab perangai menteri sekarang macam xde pelajaran silap² sijil pun beli rakyat dah hari² makin susah bantuan pun xdiberi dia boleh pulak senang lenang gelak² dgn org² dia
harasadia,sebab kerajaan pintu belakang wujud dan membebankan rakyat namun memenuhkan poket mereka dan kroni 
msz9784,sebab negara sudah tidak ada hala tuju tujuan utama hanya gila kuasa dan harta isu semasa tidak tangani dgn baik rakyat menjadi mangsa abah guna 
kimnopqrstu,saya fresh graduate bayangkan lah kalau takde pkp pun kemain payah nak dapat kerja lagi pkp yang berbulan2 nak saya bayar pinjaman pelajaran saya pakai apa bpr 
maisarahsabur,the incompetency double std too damn much ’ driving the whole country the ground for the recovery stability the economy education system justice system and most importantly the malaysians who are suffering 
mrsiam21,siang malam kerja saya frontliner tak ada cuti mak ayah kat kmpg dah dua tahun xjumpa kerja dan kerja kes tak turun maaf saya dah penat nak lawan covid saya nak pindah negara 
mutalibuthman,sebab awak ajaklah 
ysheday,about time kita nak kan kerajaan yang mampu menjalankan bukan lagi mencari langkah penyelesaian yang berkesan lockdown berpuluh fasa sekali pun klu angka masih above what the point rakyat tak larat tertekan meneruskan kelangsungan hidup tkkn msih berdiam diri 
45fortify,kerajaan yang ada tidak mampu memberikan penyelesaian yang tuntas kepada masalah yang dihadapi rakyat ketika ini dan hanya melakukan perkara yang sama berulang kali tetapi mengharapkan hasil yang berbeza
ekhwanafiq,kerajaan carca marba double standard takde sensitif dengan rakyat taktahu mentadbir tak ambil keluhan rakyat bodo sombong banyak senang cite kerajaan kerajaan yang paling terok dalam sejarah malaysia 
akeemashrawi_,tolong jangan hijack lahhhhhhhhhhhh
shameelsalleh,sebab kalau lama2 biar bermaharajalela takut kebodohan berjangkit sampai keturunan seterusnya
misfitdaily,•penyebab kes covid yang tinggi sejak election sabah •double standard antara rakyat menteri vip •moratorium ada interest charge •ramai mati • parlimen ditutup • kerajaan ini bukan kami undi tapi mereka wujud mereka pemalas 
perdanamentari,kerana ahli politik semua bangsat 
pina_wiggins,sebab politician cakap tak serupa bikin waktu menteri peruntukan belia kena kerat bagi pada kelab sendiri sampai pegawai boleh beli kereta cash simpan duit dalam peti besi lepas hilang jawatan cuci duit dengan taikun buka restoran 
mintyyyminttt,don see our government being fair enough democratic country
_faarzzanaa,kerana telah banyak yang mentalnya jiwanya kerjayanya kehidupannya dicakari onak dan duri sedangkan yang berkuasa masih tenang bagai lepak dan minum kopi 
nabilahdaud,because the double standards cronyism oppressions the lower classes inefficient decision making and tired all…this isn’ the government want and not the governance need 
thatsmyfullname,antara dua darjat kerajaan pintu belakang gila kuasa rasuah menteri menteri bodoh sistem kuota parlimen tutup buta sengsara budaya kontrak bazir duit decriminalise suicide pembunuhan dalam tahanan pass anti stalking law make school safe deforestation 
heday79,nak lawan pun nak buat apa semua berpunca dari kebodohan kena kencing dgn atok dan kencing rakyat malaysia apa nak heran 
nadiamusnce,sbb lockdown not function wujudnya politic trash
asyrfamr,sick this stupid government fight for our right our future deserve much more 
fikreels,pkp gagal kerajaan gagal
amirul510,dah penat jee
ciliasegram,because they have caused too many malaysians lose their lives and suffer for their greed 
_sfatin,saya dah setahun lebih odl rumah otak dah tak boleh terima lagi untuk terus adapt dengan sistem odl semangat saya 
abdmqdm,kerajaan skrng bukanlah kerajaan rakyat undi tapi dorang memerintah mcm negara bapak dorang punya aku dah bosan dngn segelintir menteri seronok2 kesana kesini dan akhirnya tiada apa2 tindakan dikenakan bila rakyat buat lain pulak ceritanya dll haha
aimnlurvy,saya nak sekolah got nothing from pdpr except stress back hurts sakit mata hadap screen only school pleaseee
anxiousquill,sebab traumatised dengan pkp pkpd 
takcensored,mentally tired
kreees,sick the clueless bunch who wasted whole month for nothing come this for time wasted lives lost income vanished … because they can’ problem solve but still hanging 
iamerrafms,sebab letih dgn menteri2 tak function pastu mcm otaknye jatuh lalu hilang
alwiaziq,kes tak turun gaji kerja ciput harapkan bisnes jual kambing support perbelanjaan kalau cmni gayanya sampai bila nak rasakan semua kita buat rasa tertekan sebab saya 
baby4nees,sbb masa pusat kuarantin mostly pkrja kilang kontak rapat juga kontak rapat saya lawan sbb that person ckp kes kilang tidak tinggi bcs mental health going  than this and official bcome suicidal ❤️
aimnlurvy,btw korang tak rasa cmni sebab setiap kali parlimen nak bukak macam disengajakan kes tinggi means yes memang dah tinggi yapi kerajaan fake kan lagi menambah 
aadiqajmal,tiada perubahan makin teruk
aximbarrigent,penat duduk rumah and tiada any improvement dari segi covid cases padahal sepanjang masa pkp ‘’ could better kot get job work normally vacation stress suicide fuck this 
suhaimisahfain,menteri macam sial suruh rakyat duduk rumah menteri makan durian
annieveeee,reason clear day 
nfairuz_,sebab tak mahu dipimpin oleh mereka yang terus menindas rakyat mereka lupa rakyat yang berhak memilih 
stroberilovee,proper planning transparency legit reasoning bila keluarkan statement rule baru condescending arguments tak active dalam bertindak budget allocation tak digunakan properly wealthy vip kayangan privilege doing everything even breaking the law
ernestyap9,sebab ini bukan kerajaan kita pilih 
stsenjaa_,taktahu
gdeannn,makin pkp pastu total lockdown sampai pkpd still macam kes what the point sitting home since january besarkan telo dorang seronoklah dapat gaji puluh ribu anak cucu makan tak habis kita mati kebulur kerajaan bangsat 
fxxxxxxixxxtx,saya dah penat dengan degree online next sem sepatutnya saya dan kawan2 ada latihan industri but bila pkp pkpd banyak company freeze kan kemasukkan apatah lagi amik intern 
anxmmxr,aku dah penat dengan perangai barua barua kabinet syok bagi anak bini makan duit haram bodo dah merosakkan melayu spesis agamawan pun sama terpaling firaun semua betul
nsyazwaniamir,penat rakyat susah sangat sangat sangat susah double standard apa jadi dengan vip yang boleh langgar semua sop pkp sampai bila vaksin berapa lama nak tunggu bantuan takde saya dah penat marahkan covid negara lain boleh menang tapi kita sebab saya 
acbnrff,yang buat taik bukan kami kami jaga sop dah berbulan beb tak jumpa family aku pjj dengan bini dah sebulan lebih tak jumpa minggu lepas dia news dia mengandung aku happy tapi ada dekat dia time penting macam tak dapat jgn sampai dia deliver aku tak dpt jumpa 
azr5119,kenapa lawan 
maisarahaniff,want malaysia better place place that can proudly called home ☹️ malaysian but just felt wrong everything unfair 
mujahidcyberpas,pembangkang takboleh join
_aazlan,nak elak kes bunuh diri mati kelaparan sama banyak dgn case covid bagai tiada kesudahan 
adrianjohn92,malaysians have never suffer like they today and certain politicians are riding the issue though nothing everything political these group riding the waves the rakyats sufferings 
ayesahkot,sebab dah penat 
txtmyprinces,penat dowh nak beli pen pon takleh nasib mak aku pandai amik pen suruh casher scan cepat2
j_kdancer1805,over stressed and damn depressed studies kat rumah nie takde line teruk sngat nak study online susah plus tak leh focus lagi² need share phone with sis dah daftar tab b40 tak dpt phone b40 tak dpt laptop b40 pun tak dpt susah nak study
asmaajasmine,dah penat amat dengan frustration remuk hati memikirkn mereka kehilangan ahli keluarga para frontliners doktor2 petugas2 hospital diperah tnga tnpa blasan setimpal rakyat mrnderita hrga barangan makin melampau pembljrn ank2 jdi lost genertion 
eddynedim,penat dengan pkp yang langsung tidak membuahkan hasil kes covid tak turun turun padahal puncanya menteri menteri yang pentingkan diri sendiri semasa prn sabah dulu yang merananya rakyat 
unicornpooooop,double standards sops incompetent menteri’ menteri’ kids contract frontliners turns and blaming the rakyat for everything
erictan11851695,reasons double standard rakyat voice ignored rakyat welfare badly affected promises the government not fulfilled transparency greed and corrupt 
yusrisuf7,sbb kami perlukan org mcm 
kichona70,because want see treating the menteri menteri like god dihapuskan want see all titles abolished want see ministers working hard earn respect from the rakyat want fairness for all irrespective race religion abolish the quota system 
thrupeep,dah share leh dpt apa
ioimemberdeul,for hve intention jatuhkan mana2 parti even kerajaan but bila dah gagal kita boleh terus gagal dlm kpala aku cuma fikirkan org dah mampu nak survive frontliners penat dont want any succide anymore tuh 
dasukihawari,give 
itsaleeyanix,because want young ones for parliament 
yapkahyee,telah byk bukti terhadap kerajaan sekarang kurang kompeten tetapi masih dlm kuasa atau sentiasa mencari alasan rakyat sudah penat dah beberapa kali lockdown mcm2 pkp pendapatan tak m40 jadi b40 kita mesti lawan kenape kerana ini tertakluk dgn masa depan kita 
whutz_,benda boleh lawan kita lawan kalau tkleh lawan duduk tepi makan popcorn lah
airellrezell,exhausted this whole thing absurd affecting our wellbeing driving all crazy 
theshi,tired seeing and feeling the effects incompetence for that the buck stops with the 
noorazlina_siti,reset these whole shit system
faraida_,because were tired and the situation get worst and they are arrogant giving stupid childish statement defend themself will keep kibarkan 
lelapujangga,kerajaan gagal sebab politisyen degil kepala batu tak kompeten tak cerdik pekak dan buta 
sy4_fix,sbb dah fuck sorry but thats the fact depa besaq2 dok pikiaq depa bagus sgt smpai apa rakyat cakap apa pon tknk dgaq lagi depa salahkan balik rakyat kami penat tgk kerajaan mcm bodo2 kan kami 
cantikbethul,ipt student need explain further nobody cares about 
aizhaqizhaan,sebab saya tak leh balik terengganu sedangkan datang belajar pon tetap online jugak
adrianchoo1,rakyat merana 
aniseuyeyo,sebab tindakan kerajaan sekarang amat memalukan saya sebagai rakyat malaysia menteri macam langsung tak connected dgn kesusahan rakyat setiap kali buka mulut benda bodoh keluar gerammmmmm
yayazu1kifli,tiada sebab untuk tak 
mrnasrun,munafiq wajib 
ismy_asmore,mentally and emotionally exhausted
firdamiey,sebab kerajaan paling pukimak malaysia pernah dpt 
zuaimn,need you ask isn’ obvious the question should ‘mengapa kamu tidak 
alad01_tabaroni,just can let idiots and ignorants the top that will fuck whole civilization look the history 
oteyolei,kita wajar sbb msia ada 776 194 org penduduk maknanya ada juta lebih otak mampu membawa pelbagai penyelesaian jika sel2 otak berhubung dgn baik kenapa harus puluhan juta otak ada skrg dikuasai oleh bbrp otak shj renew 
mrsolero_solero,sbb law double standard undang2 hanya utk rakyat bukan ahli pokitik dan org kayangan 
redzaarbee,there now real risk that the country may collapse more and more countries will suffer similar fates this decade need strong empathetic and visionary leadership move forward this new landscape 
sangkunyau,words saya dah penat  
anislayka,saya bukan apa tak nak kutuk pun pemimpin kita tapi semoga allah buka mata dekat pemimpin kita supaya bijak menggunakan cara untuk menyelesaikan kes ini kesian dekat rakyat yang kena buang kerja tiada pendapatan kesian sangat 
encikmaskrider,sebab masa bentang bajet kau tak berdiri 
backupkenalock,apa punya kabinet gaji mahal timbalan ramai tapi keje tak buat cukup term dapat pencen bagi phone cap ayam meletup antivax tak tangkap buat satira laju serbu doktor contract nak permanent position pun takde dah darurat tak tutup kilang suruh bersidang cirit pulak 
fxxxx0000,penat kita dah covid since last year dari bulan tau takkan tak boleh nak ambil iktibar mana yang okay mana yang tak okay kenapa nak buat kesilapan yang sama kenapa takde penambahbaikan dari kesilapan yang pernah buat 
diuos1,makan durian ajak mengaku
user37773,sebab sesetengah tak function 
leonwales,incompetent tired with this administration’ lack administration many areas lack empathy they don’ understand above the law just serving themselves their cronies and gang kayangan who consistently flout the laws without any punishment 
jelaimanoo,want justice for malaysia wantthe government system reform its people everyone dying helpless and dissapointed the iressponsible polictians which keep dragging malaysian this horrible situation toom much pain bear
azwannordin,zero accountability you cannot work leave need dynamic leaders and caring government 
amrylrzly,rakyat dipijak mcm xde maruah 
_anastacha_,kerana kami letih kerana kami lelah dengan kerajaan
khairul_hazriq,lawan sapa
zeatykhalif,because this enough dah muak dengan apa yang jadi sekarang why they repeat the same thing and make our condition lebih worst have lot pemimpin but tak tau pergi mana semua soon something big happened lets 
xanzlil,ppl can their regular shit everything was wrong double standard its best 
khairul_hazriq,help get follower ☺️ tengs ☺️
rafinramli,the situation frustrating people struggles are real after more than year expect the people power would have learnt and are better prepared face the pandemic but sadly not this government enough enough
u2pleasure_,saya ada platform sape nak guna boleh guna safe space ️ 
punithanpr_,something fishy going they might playing with number daily cases 
mulut_cabai,kerana ini 
kamillfazil,sebab idola saya
hafeeszamran,incompetency the max limit decide semua benda ikut sedap tekak sendiri kezaliman yang lebih teruk dan melampau2 compare dgn kerajaan dulu2 this too much 
4l6ert1,tired
choi2l,started prn sabah now still did not win actually lwn banyk kali
un_zmi,bcs refuse led bunch clown
tmctjt76,penat tengok menteri memang jawatan semua dapat dari cable agaknya 
aintoretto,dah penat dah give dgn negara sendiri 
thatsdylan1,penat xda keja duit kat bank pun kering 
jaclynqjy,double standards blatantly shown between orang kayangan rakyat biasa government clearly doesn care about the peoples suffering intimidation towards the people 
aliffrohaimii,nak suruh org tak reti buat letak jawatan
azriyrazaleex,kerajaan menerapkan double standard incompetence untuk masa terlalu panjang dan masih lagi memberi hasil kerja yang berat sebelah dan tidak relevant 
de_xone,manusia hanya akan bertindak agresif bilamana mereka terancam jadi tak perlu rasanya nak nyatakan sebab kerana terlalu banyak soalnya bukan kenapa tetapi sampai bila can you people for once your life the right thing for your people and country tak penat 
symbahazel72,jika penimpin utama negara suatu hari nnt ingatlah semua jgn ulang 
midi50222110,saya perlukan kerajaan yang bebas rasuah dan mengikut lunas yang betul dan juga pemimpin pemimpin yang interlek dan bertenaga
hkityen,letih dan lagi letih kerana sangkut
naluri_twt,terlalu banyak sampai tak sempat nak taip semua 
nadkamarul_,mentally physically financially total breakdown
wafiq_37,pkp sampai kiamat
ainacovey,sampai bila nak odl tbh learn nothing this semester attended class with motivation tired 
may_sieh,double standard political crisis second year covid dah mcm smbg degree semua masih cacamerba 
frhanrizh,double standard terhadap golongan kayangan ada nama boleh langgar sop sesuka hati kerajaan tak cakna dgn situasi yang berlaku sekarang keadaan makin susah pergi tambah dgn bermacam lockdown tambah skrg pkpd selangor kilang tak reti nak tutup 
hantulatte,seperti apa yang sebut oleh orang lain ruangan komen ini 
tiredofallcrap,lotsa reasons enuf room list all here but want better msia for future generations wanted start then may 2018 screw all those spoilt wit their greed stupidity selfishness 
puffylemon_,penatttttt nak lepak
azfaren,want end this inept corrupt and hypocritical government 
adamiqram_,saya penat everyone does sebulan dah tak bergaji but duit rumah kena bayar utilities duit makan yes ada duit simpanan tapi sampai bila duit tak beranak sendiri tau dalam bank  pakai mask dah pakai sanitised mandi benda perlu usaha dari semua tau bukan setengah 
ejadjaszle,mostly because frustration towards current extremely poor governance
farissyakirin,sebab pemimpin sendiri tak mempraktikkan dan tak hormat pada rukun negara sejurus itu rakyat yang terseksa rakyat yang mengundi rakyat yang tidak terbela 
stevedick881,sop hipokrit pertikai usaha bendera putih gila kuasa bini menteri kali naik pangkat dah kantoi parti durian masih lagi tipu semua menteri babi makan gaji buta ingat rakyat bodoh ge15 nanti ambik kao babi 
asnornasha8,untuk terus hidup 
shah_iman629,today there are 5434 documented deaths 5434 coffins 5434 lives that are lost due incompetence mothers father children 5434 reasons 
afiq60173663,lawan sebab tindakan lambat dan tak cermat walaupun dia kata kita tak jangka apa yang dia dah buat kat belakang boleh pulak negeri lain ditindas sebab nak tunggu satu malaysia capai nilai ambang nilai ambang sendiri baru keluar padahal covid dah lama mengganas dll
leyaarose,dah penat odl setahun lebih mental health student pon kena jaga juga
nektime_,nak mahiaddin and friends ditimpa bala oleh maha adil secepat mungkin
wawhyafham,penat dan stress tak kerja tak bergaji dapat lagi kerajaan bangang 
teecheu,sebab… the ship are all onboarded sinking fast many board have been suffering this ship has bright future fight must save the ship and help the people 
suevmc,semua dah list stuju semua moga pemimpin terbaik akan memulihkan malaysia kami tggu 
ken48489415,those power not respect fact meludah kami memperkecilkan kami dengan melanggar sop begitu saja lagi boleh buat lawak masih tak ada vaccine appointment mengapa where vaccine 
garis3lintang,sebab kebodohan manusia2 dlm gambar ini 
rocketmen9,kerajaan ini telah gagal setelah lebih setahun memerintah dan terlalu banyak layanan double standard antara rakyat dan pemerintah shit
iamrnra10,kerana kerajaan ada ini terlalu rosak 
dennisc9090,pusing pusing akhirnya continue pusing sampai still pusing lagi 
bananazulll,sebab saya nak lockdown habis nak jumpa kawan kawan saya bang saya rindu diorang nak nangis dah 
aidilkashul,kalau menteri sedap makan gaji rakyat susah
notyam__,sebab penat tengok decision kerajaan bodoh lockdown tapi itu ini kes pun tak turun longer can know the diff between lockdown pkp pkpd pkpkpkpkpkp 
niaga24jam,sokong permintaan rakyat pasai kami 
imranjunaidi,kebodohan dan kezaliman
bobbyongkh,sampai sekarang tak settlekan kes jenayah najib dan zahid
ezzzaaaaaaaaa,sebabnya kerajaan bodoh macam setan lagi lagi azmin
ismet_ulam,sebab hang tak boleh harap pikir kocek hang 
msmimiea,because what happening now isn working hurts see how many people are negatively affected the decision indecision the govt higher ups seem think they got the pandemic under control undereact everything help slow come this cannot 
nurisyam123,bila bersuara sikitt mula main polis mcm rakyat tiada kebebasan bersuara cam sial 
herydgaf,kebebasan itu milik rakyat dan manusia yang bertanggungjawab untuk beri kebebasan kepada rakyat ada para menteri 
farhan_mazrie,poverty justice faith allah that not aligned with the poor its nothing 
syzdnie,kerajaan pekak buta dan tuli tercirit 
johariawang123,penat nak mati bile kes turun laju jer diorang ambik kerdit bile kes naik semua salahkan rakyat langsung xde rasa tanggungjawab sebagai pemimpin sekrng bile kes org bunuh diri pulak meningkat xde satu pemimpin kita ambik kisah bile pru bukan main lagi sembang
thevenusdarling,the job market was always shit for art students literally dead now and people are dead and dying 
rusz_jimmy,saya bersyukur dengan ujian covid they show their true color mana yang wayang mana yang lagak lebai mana yang selfish sebab kita dah tau bagaimana mereka bekerja sudah sampai waktunya kita tukar 
husainzikri,tahu setengah ambik masa kawal pandemik semakin tak terkawal sifat sombong menteri yang tak endahkan ideabaik dari pihak pembangkang cara menteri menjawab isu crisis sangat biadap full lockdown yang suam2 kuku poor mental health meninggkat ekonomi rakyat malaysia tejejas
aafiqshah,sebab atuk hang resign bro lepastu abah hang pulak khianat bro sekarang kitorang terpaksa lawan pulak macam bodoh kan lepastu time ada peluang pembangkang tak nak bangun pulak semua duduk lepastu beriya sekarang nak buka parlimen jatuhkan kerajaan 
iaquien,makin hari our mental get tired the same shyt our mental not rock 
loggingwood,sbb atok resign lah jadi camni
a_forana,kerana saya tak gembira lagi saya rindu momen kegembiraan dalam hidup say dan orang sekeliling saya 
tengkuazmizam,aku melawan dan kerajaan negeri selangor yang gagal sepenuhnya kes makin tinggi 
jrachbarker,sebab otak penat financial issue hutang bertambah income takde dek pkpkpkpkpkpkpkp xhabis2 isteri anak tak makan resah sampai rasa nak habiskan riwayat kalau kerja bertambah tekanan dek kerja bnyk pekerja xramai bla bla bla bla klo xcukup saya blh kongsi gambar 
helios2760,because the backdoor government does not care about they are willing sacrifice the rakyat lives long keeps them power want save malaysia from 
ffardinaa,cry reading all the comments 
47jtm,banyak sgt org tua 
wan_kori,hope for this country keep the same people their position gave with this ignorant goverment this the reason why 
suhaimi_amy7,adakah kamu lawan atau tidak 
faranuur,stupid political mindset 
suhaimiwembley,lawan semua ahli politik tamak kuasa tindas rakyat double standard tak kira parti kerajaan atau pembangkang 
sulaima37295858,tiada kepimpinan dari kerajaan sop yang tak masuk akal puak menteri selalu ingkar sop tapi tiada tindakan vaksin tidak kesampaian katil hospital penuh sampai rakyat rawat kaki lima menteri hanya akan tolong jika pengundi kawasan dia dan byk lagi  
mrrfoxtrot,sebab kita pause
itsmeredzuan,jawapan paling simple sbb ahli politik mcm kau dan selagi kau tolak dsai sampai bila² aku lawan kau 
nurjones,kerajaan tak tahu manage crisis failed ‼️
faridhussar,kita dalam pandemik kebanyakkan negara semula kau apa cukup kita bantu sesama sendiri buat masa sekarang jangan keruhkan keadaan 
ashvinmenon,because given waiting for the opposition get their shit together 
ottel,saja saja sebab saya boring 
neyzarariff,sbb habis duit kerajaan kat menteri bodoh patutnya tak keje padamkan diri 
_ch2_o,sebab 
nrhznsofea,sebab penat jadi rakyat malaysia semakin tekan penat tengok makin ramai orang berjuang untuk teruskan hidup penat tngok orang mati bunuh diri penat dengan layanan sampah kerajaan
0lunadark0,tahun degree online habis gitu aku dah xde matlamat nak belajar 
quea90,double standard hilang pekerjaan first mco sekarang dah sebulan unpaid leave business home bake terjejas sesiapa nak beli dessert area damansara boleh atau follow barryscookiesndesserts dekat instagram 
zamlimastor,menteri pun langgar sop 
maggigorengrant,let not even start too many reasons why 
1ldk,the policy makers have failed big time
alifmegat,kerajaan mabok
janjidandelion,penat kena tipu dengan called pemimpin yang rasa rakyat tidak celik need better malaysia that could have future 
nella_gant87,mishandling the pandemic obsess with lockdowns mass test rapid contact tracing not using positivity rate who recommendation warp speed vaccination delay vax purchase not listening public health experts 
mr_doublea,letih dipermainkan oleh pihak yang tidak bertanggungjawab 
aniza_noordin,want great nation… one that united visionary and compassionate 
manpin,saya dulu masa saya jadi menteri bawah tun mahathir saya lah yang paling terer lawan tun pening kepala tun nak handle saya 
feydaus1,ahli politik semua sampah 
azman6089,penat rindukan kedua org tua adik beradik semua saudara 
hadzizierasidi,can manage his team 
kimlwawaqq,coz ❤️ country won’ let politicians destroy country 
icewalokum,takut kalah
auramariaaaaaaa,penat hadap pdpr kerajaan bodoh buat sop macam budak tadika kejap tukar tukar tolonglah sumpah penat fizikal and mental during this pandemic rasa tak mampu nak teruskan dah hilang semangat nak belajar 
zhixinjs,sebab kerajaan gagal tak dapat tangani masalah covid19 sebab kerajaan degil tak nak dengar suara pendapat dari pihak yang berpengalaman sebab kerajaan gila kuasa guna kuasajawatan paksa rakyat double standard kerajaan gagal ⚫⚫⚫
aieman_arief,sebab kita ada kuasa kalau kita boleh pilih mereka kita pun boleh jatuhkan mereka
chuckmsia,because people are literally dying hunger 
wan_riduanj,dah muak dengan double standard
nafis_ammar,sebab tak nak 
zikryrusli,and cover all the chaos prn sabah 
farishkimy,buat lockdown tapi kilang masih beroperasi kluster kilang semakin bertambah tapi parlimen masih tak buka barber shop dll hampir lumpuh sebab tidak beroperasi tapi menteri ada langgar sop pesta mkn durianlah sambut hari jadi sampai bila rakyat kena hadap semua 
lelyishak,policy mengarut kabinet lemah menteri bodo xde integrity xde tanggung jawab ekonomi makin teruk penguatkuaasan tidak telus tulis double standard everywhere masalah sudah2 xde exit plan
ridhuan90,rage against the incompetence 
nazrulhn,saya sbb dah dekat setahun saya hilang punca pendapatan
yeeloon,need new heroes make positive changes 
anuarf2,what you think sadiq and why 
chengkangzai,don feel like not like the government are educated anyway 
naimmuqri,harap kerajaan yang baru nanti tak musnahkan harapan rakyat kalau berani kita lihat orang orang ini juga akan kamu nanti 
roobganesan,are headed there direction wawasan tak hala tuju
_ayiemrahim,penat dengan kerajaan yang orangnya berpendidikan tinggi tapi pemikirannya cetek waknat 
reenaalexx,sebab mco tidak dilaksanakan dengan betul kes meningkat tapi tidak diambil peduli buat pkp tapi kilang semua dibuka memang tak masuk akal langsung isu mental health meningkat tapi takde bantuan untuk menolong rakyat vaccine ada orang dapat ada yang tak dan lain2 
salin_nak_gomen,basically malaysia tiada standard nak jadi menteri xde standard nak join politik xde standard yang join ramai pandai bercakap tapi otak takde tak amanah dan tak bertanggungjawab 
jayngjaz,ingatkan malaysia mcm rmc semua ada system dan funtion gila 
saltypeonies,better future for the malaysians enough enough need change and can’ letting old clowns rule the country malaysia beautiful country with beautiful people ruined bunch selfish clowns 
haniza_ahmad,parlimen tidak boleh bersidang dgn alasan ditakuti kluster parlimen sangat mengarut 100 telah divaksin kilang terus dibuka walaupun hampir semua pekerja belum divaksin mohon hukuman lebih berat atas penggubal undang2 langgar undang2 
adw_scarves,sebab menteri malaysia semua bodoh takde otak patutnya bagi orang muda yang jadi pemimpin baru settle covid btw siapa nak beli tudung hitam buat bendera boleh saya  order 
tansteven10,the entire cabinet should resign hopeless government 
twoaonedliv,pembangkang lawan kerajaan dilawan simple blackwhite
suhtarbucks,penat dengan ketidakadilan dan kebodohan dan sedih tengok negara macam tak ada masa depan yang cerah bila banding dengan negara2 lain 
skylimi01086971,lawan sebab ada seorang atok buat keputusan ikut kepala otak dia seorang sampai dapat kuasa dekat kerajaan cirit yang ada sekarang 
twt_sakros,sebab menteri melayu islam tapi kalah yahudi israel cara mentadbir sanggup bairkan rakyat kelaparan mereka bermewah mewahan menghina rakyat dlam kesusahan selebihnya kawan kawan saya dari twitter dah cakap bahagian reply tuan 
mightywern,the way are heading this covid situation very bad and even with fmco our cases aren drastically decreasing emergency ordinances that were given the agong lead this rescue isn helping but instead the benefit the and other ministers
aradiyanah,mental health getting worse day day 
mightywern,the backdoor government isn taking the covid situation seriously why not close the factories where the factories are one the main causes the widespread covid the people 
kennyli32038941,kita lawan sebab kita bukan kawan kawan tak biar kawan merana 
drjay67313590,everyday people are getting their vaccines but the daily cases still the same seriously doesn make sense all and are not dumb 
ryqrin,customer foreigner lenyap 
hanani_zz,saya dah penat hadap pdpr tahun dgn power spec naik sbb asyik hadap screen lpstu fhm kalau blaja online sekian rintihan pelajar
hausofpreve,the replies have spoken
sobbashini,because this not the government voted for people are loosing their jobs and dying 
pavinrajc,accountability everybody more concerned about preserving power than help the nation
anferneechew,hope the situation will not worse than now！
jiwamerdeka17,takbir urus hancurrr
jakesharksmt,since march 2020 gym that built with blood sweat and tears without bank loans has been closed due lockdowns for close months now did not thing about the spike cases until was too late dying all are 
suhai22,sbb government don even care looser
im00bass16,fedup dengan pemikiran kolot semua tangkap muat kami sakit lapar apa they dont care
azroy9603,sebab kami rasa kami bukan diperintah oleh sekumpulan manusia yang berakal tapi diperintah oleh monyet2 yang langsung tidak tahu apa fungsi otak mereka mereka seolah olah melakukan sesuatu tindakan dan membuat keputusan menggunakan kepala lutut tanpa memikirkan sebab dan akibat
zckhfzlmn,dah tua
harith_hakimz,angkat bendera putih kata lawan kerajaan tapi kerajaan xbg makanan the spot orang separuh matibila angkat bendera putih kena kompaun plak mana xpasrah dgn kehidupan sbb serba ditindas seperti firaun yang menyeksa kuli
symtwittt,because daughter and other children imagine the stress kena perap dalam rumah tak boleh sekolah jumpa kawan dan cikgu friend mine anak dia darjah sehari menangis sebab tak faham apa cikgu ajar on9 rasa diri tak pandai they deserve better than this 
aurorabehappy,kerana mereka adalah pengkhianat undi rakyat muak dengan cara pimpinan yang kebelakang dan tiada pembaharuan double standard rasuah harga barang dapur semakin mahal dan menteri2 yang tak cekap 
pa11ie,sebab kerajaan bodo tapi nanti kalu buat hal akan berlaku perkara sama especially dap nak taikkan melayu
sayazulll,lawan kerana benar
ehamarzayn,saya dah penat rakyat dah penat bantuan tak cukup dan lembap kerajaan paling banyak menteri dan timbalan tapi semua bodoh dan menyusahkan data semua tak tepat tak berani berhujah lantas penakut nak bukak parlimen vaksin lembap tak professional 
blablabla56428,fuckin governments going african countries corruption level
valarmorgulish,sebab politicians semua main kotor semua gelap mata kopiah terbang bila disogok dengan pangkat dan duit semua jadi hati batu 
kingalister2001,the current leaders have idea what they are doing the people care left the last priority jobless struggling without options survive mentally depressed ultimate greed personal wealth career malaysia becoming laughing stock the world 
toeloll,saya tak lawan pon saya rela saya biar saya pon dah malas sebenarnya asal saya boleh gelak lagi cukup bahagia dah 
pihtok,sebab dah penat suara tak didengari tau status diabaikan tau kami rakyat nak pemimpin adil dan empati terhadap nasib kami tak kira kerajaan atau pembangkang 
nellialll,because enough enough 
solllmatt,sebab dah penat layan menteri2 bodoh kat malaysia dan dari bulan saya daftar vaksin sampai harini masih takde tarikh 
datuk_daus,ank lahir masa pkp sekarang dia dah setahun dah hadap pkp setahun sampai akhirnya dia pun kena covid dan sembuh pkp masih abes abes lagi 
netizen_natezen,lawan sbb ini bukan kerajaan undi hingga menang pru klu dulu kalah pru redha dikhianat suara rakyat disaluran betul iaitu parlimen dimatikan perlaksanaan undang2 double standard xda nmpk plan krisis jgka panjang utk pendidikan
marwan9918,menteri dalam kabinet buta hati dungu tak tau ape ade dalam kepala otak diorg 
dzulhelmy01,lawan sebab wakil rakyat bukan tuhan untuk disembah utk pertolongan wakil rakyat berlagak tanggungjawab zero saya dah dua dos vaksin anda butoh pak hang 
kaelucimpact,penat tengok rakyat malaysia satu per satu fall into misery penat tengok number kematian asik bertambah kian hari penat dilayan oleh ahli politik mcm kita bodoh penat dgn ahli politik sial dan tone deaf dan taktahu malu dan saya risau dgn nasib family saya 
rejaie,bukan setakat hari bukan kerajaan dipilih tetapi kegagalan mereka paling jelas isu covid memusnahkan hidup rakyat dari segala segi ekonomi mental kesihatan pendidikan anak2 even kelangsungan hidup sementara mereka boleh bermewah
pakdeekal,kami mahu sikap pilih bulu hapuskn geng2 muda kecam ahli politik terlibat dgn kempen bendera hitam hanya syed saddiq sahaja boleh terlibat dgn kempen dari awal pilih bulu pgg jwtn nnti pilih bulu perangai pemerintah thn subur dlm muda bangsat
mr_ronanator,our ministers are now too exhausted and clueless combating covid19 after giving all what they have the right time replace them
dhnshg,why  fight for the people that have lost loved ones from the wild spread the covid virus and those that have taken their own lives due the hardships because our ‘kerajaan’ has done little get our lives back normalcy fight because lives matter 
rubyahmad13,kami mahukan pemimpin terbuka boleh mendengar isi hati rakyat dan bukan penting kan diri serta sebok berpolitik 
khailisyarose_,because nothing hurts more and sadden knowing that got trapped poverty and depression because our government who had promised everything need first time taking big step into adult life find better job then lockdown ruined all 
shapitrazak,sebab kami bukan haiwan
miqeyap,because are the resistance may the force with you
dgafffhaz,mostly ahli parlimen semua dah dapat vaccine kan pastu asal taknak bersidang agong gesa pun diorng buat keras gaji jalan wakil rakyat buat untuk rakyat bkn untuk keturunan sendiri elok buang jela tua smua benak idc kalau orng nak kata eleh muda muda banyak bunyi 
kaaralmarksu,apabila rakyat ditindas bagi keperluan asas apabila kerakusan segelintir mengkaburi pentadbiran berhemah apabila rakyat hilang kepercayaan terhadap kerajaan yang tidak lagi berkaliber apabila demokrasi diganti hipokrasi maka kita lawan 
washandsinghbd,menteri tak buat kerja 
lonlitaaa,aku tak undi dia 
aabid_baharudin,pkp pertama hilang kerja sblm dpt baby cuba bniaga ada baby kita kena jaga hantar baby covid msh menggila kerja kedai asyik tutup buka dpt gaji seribu dua habis penjaga mcari rezeki ssuap dua tanggungan kita semua berbeda doa allah mudahkn kita semua aminn
jesstified3,they started 
jang_pilah,kerana kerajaan menindas rakyat ibarat zionist haram jadah kezaliman paling teruk dalam sejarah malaysia
amirhadiamir,ini perjuangan rakyat orang politik boleh duduk diam masa dapat kuasa kali kali babi demokrasi milik rakyat “pemimpin adalah rakyat rakyat adalah pemimpin ”
44hazim,menyampah sebab dorang menyebabkan kes covid naik balik time prn sabah election pling bodo asal kita ada banyak orang tua dah nak mati gilakan kuasa sangat memerintah malaysia xfikir pasal orang lain orang² tua kuasa patut mati ‍♂️
nuraazafirahh,dah penat tengok kerajaan uruskan negara macam budak sekolah rendah habis upsr main jutaria 
fikrizuhairi_,dah lotih semua bondo taik jadi kerajaan hancur pemerintah menggagalkan 
johnranbow,saya memang suka lawan
lorrrd_ejato,sebab ada pemimpin politik selfish hipokrit dan punca hura hara negara sekarang ooo bukan sekarang tapi sejak zaman dia buat isa lagi…nama dia 
abnrmalcrackhed,sebab saya penat tersangatlah penat
luqlock,double standard cirit dan pru sabah
lomofactory,sbb rakyat mcm kami xdk kerja trpksa buat kerja apa ada trutama dlm bidang on9 skrg xkerja xmkn kami kami bkn golongan kayangan
marcone711,sbb saya malu penat semua bangang2
liyanamahyuddin,banyak tindakan yang tak guna logik akal
lomofactory,tumpang iklan ❤️hye semua ada jual polaroid 20pcs rm10 lagi bnyk korang beli lagi murah tau 100pcs rm25  dapat free 20pcs lagi pulak  and selain polaroid accessories and albums pon ada tau berminat boleh saya  
musangmerah6,kerana aku sayang negaraku 
menangpilihan,covid cases never gone down gvt gagal gagal menteri2 gagal menteri2 tmenteri duta khasmb makan gaji buta dan beli mercedes bini menteri jadi education parliamen tak buka darurat vaksi tak ckp
shawalmahmood,sebab sedih dan marah rakyat patuh sop kes ttp naik org hilang kerja hilang keluarga korg heboh buat pilihanraya rakyat merana bantuan tak brkesan org kerja mkn gaji hari takde kwsp sewa rumah ahli politik kwsn hilang tak spt masa kempen pru
kishenkarul,just for the sake not spoilling this beautiful country with utter pid timid high gov officials that caters personal interest rakyat interest behaving like rusa masuk kampung attitude upon getting into power and making poor decisions malaysian gov puppet 
irmizwan,orang kenamaan boleh sana sini hingga luar negara tanpa ada sekatan atas alasan daftar anak belajar rakyat marhaen pjj berpoligami tidak boleh pula nak merentas daerah negeri utk menjenguk isteri suami serta anak
_haziqq,sebab taknak orang lain terima nasib sama macam arwah ayah berpenat menjaga family dari covid akhirnya tewas dek kerana covid left out sebab antara yang takselamat ccu semua kerana covid cases spike and kerajaan sangat slow nak tackle this issues 
dehaaeman,sebab rakyat nak orang muda berjiwa rakyat memimpin bukan lagi org2 tua gila kuasa bergaduh mcm budak baru masuk tadika sebab berebut kerusi
apezkhu,pemimpin yang salah guna kuasa sampai susahkan rakyat rakyat guna platform social media untuk suarakan pendapat dan pemimpin yang tidak ada ‘empathy’ tidak harus menjadi pemimpin sampai bila nak pkp dan sekattekan kehidupan rakyat 
xennials2,kerana kami benci kezaliman atok tua dan pengikut2nya yang tak habes2 lagi sialnya sampai skrg 
jiqajiqa1,lebih datang dari mana sila pecahkan kepada local and bukan local baru tahu sapa yang penyumbang nye yang merana peniaga semua yang terjejas 
saufishopiy,tahu pihak pengurusan semua bijak pandai psl boleh menteri kenapa new zealand boleh handle apa cukup gaji diberi terlampau pelik pelik mulut naik berbuih sebut demi rak rakyat bagai kejadah ramai org susah jadi putus asa nsib baik aku duk 
idlicommunist,wowowow smart ’ give you gold star for this reply
areuokei,have been studying online for months and don really understand anything difficult and stressful studying online want back school also many people are going through financial problems lost jobs committed suicide which really sad 
sashazreen_,penad 
yuyualyra,one there fight for kids budak kecil bukan fhm covid apa bila kita cakap xboleh kluar mental health diorg serious terabai ada nangis rindu atok nenek ada main playground kena warning dgn polis playground tutup toy section tutup stationary pun tutup
yuyualyra,terlalu banyak covid nak masuk dua tahun planning semua kelaut bantuan pun kena tny solat mcm ambil alih tugas malaikat tahu org solat 
irfankassim0303,why lawan when have the government showed that they are working ever since took over when have they ever told the truth the rakyat when this bullshit going end answer never have more malaysian jokers pls the government
raf_asyraf99,bulan kali naik pangkat 
kween_keela,demokrasi 
akitial,bottom line all them are incompetent self absorb selfish most all nothing they for the people only for their own pocket and false power they dont know that the position work for the people nothing else but for the people too stupid even acknowledge 
tikah_dtg,dah penat tgk baby boomers jajah malaysia 
loyarbrooke,zero governance zero leadership zero comms zero integrity and everything 
stpinkie,are out lockdown and pkp but don see the govt making sufficient use this precious time upgrade testing vaccination also quarantine facilities lockdown the means the solution but not solution itself tired being used knee jerk reaction
sirkulangka17,kerana sistem kerajaan malingkup 
saarisamad,lawan bagi pihak orang2 dulu yang gagal pertahan kerajaan
aiman_anaz,terdapat segelintir pemimpin yang bengap buat kerja fikir poket sendiri jew 
ryzalazwir,bila segelintir pemimpin gila kuasa dan berkepentingan pemimpin sekarang dan juga sebelumnya tiada beza ada yang poyo amik kisah tapi hanya boneka ada yang perihatin tapi hanya sandiwara moga tuhan laknat semua yang menindas 
chambakchallo,tak larat dah berkurung serabut rimas stress dah lama tak hirup udara luar dah lama tak keluar nak keluar kejap2 pun tak boleh anak2 kat rumah takde sape jaga 
akhimal1,kata junjung titah tuanku tuaku ada titah bina gelombang hijau kala pandemik tak kan beria panjat pagar lagi 
hazrinhafetz,sebab atuk kau yang bodoh 
ridhwanshahz,tak tahan dengan pkpd yang dilaksanakan selangor wal hal kebanyakan penduduk selangor hanya stay home tetapi masih lagi kes meningkat dan tidak menurun selama sebulan malah kluster tempat kerja dan kebanyakannya industri masih lagi dibuka 
whocare367,sebab kita pula kena bayar politician punya incompetent kebodohan kedai kena tutup duit simpanan habis mkn kena catu then our time bazir sbb kebodohan dan keangkuhan 
zzukkk_,pom pang pom pang 
syamsulazim,sebab tak benarkan peniaga seperti kami beroperasi kami hampir lumpuh dorang penting kilang yang besar besar naga 
mrihdwan,are almost there for the biggest riot history malaysia jangan sampai jadi mcm luar negara pemimpin kena tembak mati sebab are all the peak losing 
nurysrmli,sebab rakyat dianiaya oleh kerajaan yang buat kerja sambil lewa takde ciri2 utk bebaskan malaysia dari covid langsung its obvious they did this just stay power must fight for our right for our future 
salehudin_sdb,sebab benci kerajaan sekarang dan 3rd force lagi² anak muda yang acah sembang idea segar tapi belakang dok sokong idea kuno mageran kerap pergi meeting dengan azmin idea segar mcm exit plan kata pembangkang lemah sedih tgk parti haram tapi acah² 
zulaikhrxanx,frontliners makin penat tapi sop terumbang ambing rakyat semakin stress kerana hilang pekerjaan bendera putih terpaksa dikibarkan negara kita kerana ramai yang terputus bekalan makanan akibat tiada bantuan yang dihulurkan para menteri mengambil enteng isu sop
shah07099891,kejam memperlakukan rakyat sedangkan mereka berada diatas sebab undian kami tuk membela kami rakyat yang lain sudah diterangkan oleh sahabat2 yang lain 
puteriminang,sebab tak peduli suara majoriti rakyat sebab nak berpegang pada kuasa sampai sanggup zalim kpd rakyat sebab menteri2 skrg tak kompetent sebab pemimpin2 pas tak habis2 tunggang agama sebab kerajaan skrg gagal 
xmrxllxh,kau bodoh budak hingusan simple
msyatiihalil,sop yang tak menjadi jadi tak dengar suara rakyat bermain politik kotor dan memperbodohkan rakyat kami nak belajar kampus dan sekolah semula semakin ramai yang gadaikan harta dek hilang punca pendapatan gila kuasa dan sila turun dari kekuasaan melampau 
amyrulafiq,penat lah cirit birit banyak kali hmmmm
hafizudindzul,apa malapetaka yang kerajaan buat hanya untuk sehari dah jadikan rakyat hilang sabar inikan bulan yang takde hasil pon lagi parah ada 
ehsanshah7,punca kau dengan kuncu2 kau laa lepastu atuk resign pastu abah kau pulak khianat pastu nak salahkan rakyat asal undi abah kau ahh lancau laa semua 
khairulafizmy,kerajaan brjiwa rakyat fail handle covid cases nampak sgt gila kuasanya double standard nak kerajaan long you jaga dgr rakyat dan tnjukkn terangkan secara logik stiap tindakkan diambil dlm mngurus memajukn negara insyaallah boleh dpt sokongan rakyat 
blvckbvnny,serious penat nak jawab banyak sangat sebab kami 
fxrdraptor,darah pahlawan mengalir dalam badan turun temurun dari nenek moyang hanya ingin memperjuang kan kebenaran dan keadilan demi tanah air masa hadapan 
rei_yoshiki,two answer double standards refer 
ikmalhi,saya tak lawan saya 
salinaahmad90,buat diploma degree from home boleh pulak kerajaan umumkan tiada kenaikan yuran perlu nak naik time2 covid bukan yuran kena tolak disc memang menguji kesabaran bapak bapak menteri 
gummycammy,all started again bcs and here are tanggung everything senang pak menteri gaji going kami yang business duit tak masuk tapi still kena bayar gaji pekerja 
irsyadasfihan,sebab dah penat tengok orang tua bodoh memerintah
_rodahidup,siapa saya jalan keluar hanyalah vaksin bukan political murahan mane janji 
sachwir,what else you want 
ahsanlee,kangkung dulu naik skrg dah turun 
admluq,suara suara itu tak bisa dipenjarakan sana bersemayam kemerdekaan apabila engkau memaksa diam aku siapkan untukmu pemberontakan checkout our new release  tuke gagal cerulean dir prod vaxtor 
izr4m,sebab dorang tak berkat datang dari cara yang haram 
zainaladzam,need solid and formidable government 
mirzaafiqbeg,just click one the trending topic hashtags almost everyday same narrative tak caya tunggu siang nanti 
asyrafunk,are tired these politics dont want our efforts vain anymore enough 1yr wasted last year tried get back track after the 1st lockdown but all went into the drain after prn sabah and worsen till today and all the politicians are just selfish
turn_e,gaji elaun menteri dan terlampau tinggi rendahkan umur pencen untuk bagi next generation politik kotor gaji pekerja terlalu rendah jurang gaji melampau tanah malaysia rosak dan musnah aset negara habis kurangkan bangunan banyakkan maintaning tmpat sejarah
kembarasaga,kami nak balik kampung ziarah saudara pun kami tahan demi untuk bersama bantu barisan hadap dan negara malang kami bercuti cuti bulan anak study oversea cuti tajaan turkey kalau kerja luar hegara mesyuarat zoom mereke dahulu kan rakyat konon
turn_e,perlukan menteri kayakan rakyat bukan kluarga sendiri tak dapat tngani covid19 penunggang agama bangsa dan negara struktur balik fungsi raja dan elaun mereka raja bukan maksum raja bukan dipilih tuhan ramai bunuh diri sop mengarut semua jadi palatao
turn_e,tiada lagi gejala kena raikan menteri datang majlis pendidikan dan perubatan malaysia terjejas teruk perumahan tak terarah tanah dijual warga asing hutang negara banyak tapi gaji menteri tak nak turun perlukan new face new malaysia
oscardieselwong,this not the government that all voted for that the main problem not voted not doing good job not responsible honesty lies after lies 
hnazurah,pkp tak sudah atas k3bodohan kebanyakan menteri children lost their childhood normal lives that important for their development bantuan yang diberi hanya bila didesak untuk kepentingan politik semua perkara nak dipolitikkan belum part tunggang agama lagi 
penasuria,kerana ahli ahli politik yang tidak berperikemanusiaan yang tidak mendahului rakyat dan menggunakan agama islam sebagai alat politik sistem yang tidak transparent lagi lagi program vaksin yang lambat dan tidak cukup effektif 
penasuria,double standard mps boleh pesta durian ada secret meetings hantar anak france semasa pkp pkpd sop mana mengapa mereka tidak disaman atau dipersoalkan oleh pdrm 
penasuria,white flag pun dipoliticise nak save face sanggup tak kasi sbb kami penat dgn sekian saya akan teruskan kerana saya inginkan masa hadapan yang cerah untuk rakyat ’ government gonna save 
hanifmhassan97,saja lawan tak dak benda apa nak buat boring
3da_nash,this has been doing for years every time succeeded nearly succeed someone simply just swooped claim victory sincerely hope not another someone who that support openly 
noahbukhari28,kes tak turun kami harap buat pkp macam tapi lain pulak kerajaan buat lama sangat kena kurung nak jumpa orang tua pasangan sendiri pun susah ramai sgt hilang kerja mati bunuh diri kerajaan tak nampak yang disebut rugi 1billion hari double standard ketara sangat
haha00317837,woi syed saddiq dulu pun celakalah takyah nak acah baguslah dulu korang duk sedap bising takde duit takde duit pastu airport tak tutup kau buat apa masa ada defend rakyat buto kaulah
pkwalkstheworld,dictatorship shows when the government tried not let years old voting with unreasonable reasons though rakyat bodoh
darthre09903466,sbb dah terlalu lama dinosaur tua berkuasa negara nie dah jadi kotor tiada nampak perubahan yang baik semua orang mostly rakyat dari segi pekerjaan kesihatan pendidikan dan ekonomi 
mimihoneyz,sbb kami penat 2020 2021 terbazir begitu saje sbb covid and improvement sampai skrg apa kerajaan buat  kes2 lain mcm rakyat tak cukup makan student tertinggal pelajaran double standard kes bunuh diri makin banyak apa niii deserve better 
mukries,tak aci ade timb menteri dpt kawin baru
